budget,runtime,vote_average,vote_count,release_month,star_power,director_power,composer_power,revenue,Genre_Action,Genre_Adventure,Genre_Animation,Genre_Biography,Genre_Comedy,Genre_Crime,Genre_Drama,Genre_Family,Genre_Fantasy,Genre_Foreign,Genre_Heist,Genre_History,Genre_Horror,Genre_Music,Genre_Mystery,Genre_Romance,Genre_Sci-Fi,Genre_Science Fiction,Genre_Thriller,Genre_War,Genre_Western
58000000.0,130.0,6.6,1194.0,11,198217632.66666666,364546686.3333333,0.0,352194034.0,1,1,0,0,0,0,0,0,0,0,0,0,0,0,0,0,0,0,1,0,0
3500000.0,91.0,7.0,513.0,4,47522068.666666664,633490341.5,0.0,28215918.0,0,0,0,0,1,0,0,0,0,0,0,0,0,0,0,0,0,0,0,0,0
19000000.0,108.0,6.9,1644.0,1,149714754.05555555,0.0,87226932.75,25836616.0,1,0,0,0,0,1,0,0,0,0,0,0,1,0,0,0,0,0,1,0,0
2000000.0,83.0,6.8,28.0,9,130161602.88888888,0.0,0.0,1275000.0,0,0,0,0,1,0,0,0,0,0,0,0,0,0,0,0,0,0,0,0,0
15000000.0,92.0,5.2,153.0,6,0.0,0.0,87226932.75,66000000.0,1,1,0,0,0,0,0,1,1,0,0,0,0,0,0,0,0,1,0,0,0
27000.0,92.0,7.4,769.0,9,0.0,0.0,0.0,3151130.0,0,0,0,0,1,0,0,0,0,0,0,0,0,0,0,0,0,0,0,0,0
11000000.0,121.0,8.1,6778.0,5,571427111.888889,799778473.25,747072370.1333333,775398007.0,1,1,0,0,0,0,0,0,0,0,0,0,0,0,0,0,0,1,0,0,0
35000000.0,89.0,6.5,251.0,11,0.0,19785829.0,0.0,9771658.0,0,0,1,0,0,0,0,0,0,0,0,0,0,0,0,0,0,0,0,0,0
45000000.0,89.0,8.0,5520.0,6,144634907.16666666,0.0,733277275.875,788241776.0,0,0,1,0,0,0,1,1,0,0,0,0,0,0,0,0,0,0,0,0,0
63000000.0,127.0,7.6,4956.0,6,155906342.8888889,562414635.0,747072370.1333333,920100000.0,0,1,0,0,0,0,0,0,0,0,0,0,0,0,0,0,0,1,0,0,0
28000000.0,117.0,7.9,3833.0,6,152205332.55555555,193405451.0,0.0,33139618.0,0,0,0,0,0,0,1,0,0,0,0,0,0,0,0,0,0,1,1,0,0
18000000.0,103.0,7.1,2487.0,11,0.0,726580112.5,747072370.1333333,476684675.0,0,0,0,0,1,0,0,1,0,0,0,0,0,0,0,0,0,0,0,0,0
28000000.0,90.0,7.4,3495.0,11,115421365.8888889,0.0,491065236.0,504050219.0,0,1,1,0,1,0,0,1,1,0,0,0,0,0,0,1,0,0,0,0,0
25000000.0,84.0,7.5,3029.0,11,0.0,281702139.0,491065236.0,377350553.0,0,0,1,0,0,0,0,1,1,0,0,0,0,1,0,1,0,0,0,0,0
80000000.0,110.0,6.7,2677.0,5,302960619.54761904,0.0,617548376.0,457696359.0,1,1,0,0,0,0,0,0,0,0,0,0,0,0,0,0,0,0,1,0,0
4000000.0,93.0,7.8,2737.0,2,234629737.66666666,0.0,0.0,16491080.0,0,0,0,0,0,1,1,0,0,0,0,0,0,0,0,0,0,0,0,0,0
50000000.0,97.0,5.6,381.0,8,77908142.8,45537956.25,23506985.375,42277365.0,1,1,0,0,0,0,0,0,0,0,0,0,0,0,0,0,0,1,1,0,0
6000000.0,175.0,8.5,6024.0,3,144981225.0,190916236.5,0.0,245066411.0,0,0,0,0,0,1,1,0,0,0,0,0,0,0,0,0,0,0,0,0,0
2900000.0,74.0,6.8,1760.0,3,0.0,0.0,0.0,263591415.0,0,0,1,0,0,0,0,1,1,0,0,0,0,0,0,1,0,0,0,0,0
12000000.0,82.0,7.0,884.0,7,11132648.133333333,19785829.0,0.0,29800000.0,0,1,1,0,0,0,1,1,0,0,0,0,0,0,0,0,0,0,0,0,0
6000000.0,100.0,7.1,1371.0,8,0.0,0.0,0.0,213954274.0,0,0,0,0,0,0,1,0,0,0,0,0,0,1,0,1,0,0,0,0,0
49000000.0,127.0,6.5,869.0,3,111887467.77777778,0.0,208356656.5,352927224.0,0,0,0,0,0,0,0,0,0,0,0,0,0,0,1,0,0,0,1,0,0
6000000.0,99.0,6.9,720.0,5,20506764.8,45537956.25,42451614.875,50244700.0,1,0,0,0,0,0,0,0,0,0,0,0,0,0,0,0,0,1,0,0,0
18000000.0,124.0,8.2,5998.0,5,571427111.888889,349200000.0,747072370.1333333,538400000.0,1,1,0,0,0,0,0,0,0,0,0,0,0,0,0,0,0,1,0,0,0
18000000.0,115.0,7.7,3949.0,6,152205332.55555555,562414635.0,747072370.1333333,389925971.0,1,1,0,0,0,0,0,0,0,0,0,0,0,0,0,0,0,0,0,0,0
1200000.0,161.0,8.1,2371.0,12,16370116.666666666,0.0,12814880.0,6000000.0,0,0,0,0,0,0,0,0,0,0,0,0,0,0,0,0,0,0,0,0,1
32350000.0,135.0,7.9,4763.0,5,571427111.888889,0.0,747072370.1333333,572700000.0,1,1,0,0,0,0,0,0,0,0,0,0,0,0,0,0,0,1,0,0,0
11000000.0,117.0,7.9,4564.0,5,354234372.7777778,193405451.0,208356656.5,104931801.0,1,0,0,0,0,0,0,0,0,0,0,0,1,0,0,0,0,1,1,0,0
6400000.0,108.0,7.4,4208.0,10,86495789.5,1433168143.5,0.0,78371200.0,1,0,0,0,0,0,0,0,0,0,0,0,0,0,0,0,0,1,1,0,0
19000000.0,116.0,8.0,6239.0,7,301586847.77777773,319212448.3333333,492927360.14285713,381109762.0,0,1,0,0,1,0,0,1,0,0,0,0,0,0,0,0,0,1,0,0,0
2280000.0,124.0,7.2,831.0,11,0.0,0.0,0.0,83320000.0,0,0,1,0,0,0,0,1,0,0,0,0,0,1,0,0,0,0,0,0,0
48000000.0,127.0,7.6,3221.0,5,206485022.3703704,562414635.0,747072370.1333333,474171806.0,1,1,0,0,0,0,0,0,0,0,0,0,0,0,0,0,0,0,0,0,0
46000000.0,111.0,7.0,671.0,11,127800301.33333333,0.0,208356656.5,150000000.0,1,1,0,0,0,0,0,0,0,0,0,0,0,0,0,0,0,1,1,0,0
7000000.0,124.0,7.5,2628.0,6,0.0,562414635.0,747072370.1333333,470654000.0,0,1,0,0,0,0,0,0,0,0,0,0,1,0,0,0,0,0,1,0,0
90000000.0,98.0,6.9,4521.0,7,346667844.6222222,551745372.6666666,617548376.0,589390539.0,1,1,0,0,1,0,0,0,0,0,0,0,0,0,0,0,0,1,0,0,0
30000000.0,134.0,7.2,971.0,3,54279689.81481481,0.0,0.0,199200000.0,1,1,0,0,0,0,0,0,0,0,0,0,0,0,0,0,0,0,1,0,0
32000000.0,102.0,5.1,632.0,12,0.0,330088672.0,0.0,79082515.0,0,0,0,0,1,0,0,1,0,0,0,0,0,0,0,0,0,0,0,0,0
110000000.0,119.0,6.0,941.0,12,123250718.16666667,0.0,347421734.0,333011068.0,1,1,0,0,0,0,0,0,0,0,0,0,0,0,0,0,0,0,1,0,0
300000.0,91.0,7.4,1066.0,10,31844606.0,45537956.25,47013970.75,70000000.0,0,0,0,0,0,0,0,0,0,0,0,0,1,0,0,0,0,0,1,0,0
2500000.0,92.0,6.4,370.0,10,31844606.0,0.0,42451614.875,25533818.0,0,0,0,0,0,0,0,0,0,0,0,0,1,0,0,0,0,0,1,0,0
8000000.0,122.0,7.5,2046.0,12,0.0,0.0,0.0,441306145.0,0,0,0,0,0,0,1,0,0,0,0,0,1,0,0,0,0,0,1,0,0
40000000.0,108.0,7.4,3926.0,11,301586847.77777773,319212448.3333333,492927360.14285713,332000000.0,0,1,0,0,1,0,0,1,0,0,0,0,0,0,0,0,0,1,0,0,0
40000000.0,118.0,7.1,2978.0,5,182735220.77777776,319212448.3333333,492927360.14285713,244527583.0,0,1,0,0,1,0,0,1,0,0,0,0,0,0,0,0,0,1,0,0,0
858000.0,70.0,6.8,1450.0,8,0.0,0.0,0.0,267447150.0,0,0,1,0,0,0,1,1,0,0,0,0,0,0,0,0,0,0,0,0,0
54000000.0,162.0,7.1,1589.0,12,63638745.5,190916236.5,0.0,136766062.0,0,0,0,0,0,1,1,0,0,0,0,0,0,0,0,0,0,0,1,0,0
4000000.0,78.0,7.1,1791.0,10,0.0,0.0,210861813.0,205843612.0,0,1,1,0,0,0,0,1,0,0,0,0,0,0,0,0,0,0,0,0,0
4000000.0,79.0,6.8,1643.0,1,0.0,0.0,210861813.0,215880014.0,0,1,1,0,1,0,0,1,0,0,0,0,0,0,0,0,0,0,0,0,0
28000000.0,118.0,7.1,2841.0,5,152205332.55555555,562414635.0,747072370.1333333,333000000.0,1,1,0,0,0,0,0,0,0,0,0,0,0,0,0,0,0,0,0,0,0
45000000.0,120.0,6.5,1950.0,8,92244206.22222222,0.0,92552911.33333333,131183530.0,1,0,0,0,0,0,0,0,0,0,0,0,1,0,0,0,0,0,0,0,0
15000000.0,109.0,7.8,1629.0,6,11132648.133333333,45537956.25,12814880.0,19629760.0,0,0,0,0,0,0,0,0,0,0,0,0,1,0,1,0,0,1,0,0,0
30000000.0,131.0,6.0,515.0,5,56682731.9047619,176518734.8,135777115.27272728,152427960.0,1,1,0,0,0,0,0,0,0,0,0,0,0,0,0,0,0,0,1,0,0
5800000.0,112.0,7.5,958.0,2,0.0,0.0,208356656.5,33395426.0,1,1,0,0,0,0,1,0,0,0,0,0,0,0,0,0,0,1,0,0,0
63000000.0,136.0,7.9,9079.0,3,172188791.53333333,0.0,0.0,463517383.0,1,0,0,0,0,0,0,0,0,0,0,0,0,0,0,0,0,1,0,0,0
80000000.0,124.0,6.6,2796.0,4,374931726.1111111,339537326.6666667,208356656.5,415885488.0,1,1,0,0,0,0,0,0,1,0,0,0,0,0,0,0,0,0,0,0,0
115000000.0,136.0,6.4,4526.0,5,581726227.1666666,799778473.25,747072370.1333333,924317558.0,1,1,0,0,0,0,0,0,0,0,0,0,0,0,0,0,0,1,0,0,0
1200000.0,100.0,7.4,703.0,8,0.0,0.0,0.0,112892319.0,0,0,0,0,1,0,0,0,0,0,0,0,1,1,0,0,0,1,0,0,0
150000000.0,88.0,7.1,1715.0,6,83175631.16666667,298522256.5,0.0,448000000.0,0,1,1,0,0,0,1,1,0,0,0,0,0,0,0,0,0,0,0,0,0
60000.0,81.0,6.3,1090.0,7,0.0,0.0,0.0,248000000.0,0,0,0,0,0,0,0,0,0,0,0,0,1,0,1,0,0,0,0,0,0
30000000.0,107.0,7.3,2431.0,6,354234372.7777778,0.0,0.0,295212467.0,0,0,0,0,1,0,0,0,1,0,0,0,0,0,0,0,0,0,0,0,0
300000.0,89.0,6.5,166.0,3,3211886.6666666665,9635660.0,0.0,11988469.0,0,0,0,0,0,0,0,0,0,0,0,0,1,0,0,0,0,1,0,0,0
2500000.0,110.0,7.2,1005.0,9,54279689.81481481,125062611.25,125705096.44886364,124881062.0,1,1,0,0,0,0,0,0,0,0,0,0,0,0,0,0,0,0,1,0,0
2000000.0,115.0,6.9,773.0,10,54279689.81481481,93231474.33333333,125705096.44886364,78898765.0,1,1,0,0,0,0,0,0,0,0,0,0,0,0,0,0,0,0,1,0,0
950000.0,110.0,6.9,953.0,10,54279689.81481481,93231474.33333333,115633077.625,59600000.0,1,1,0,0,0,0,0,0,0,0,0,0,0,0,0,0,0,0,1,0,0
28000000.0,127.0,6.3,497.0,6,56682731.9047619,176518734.8,145575022.3125,195312802.0,1,1,0,0,0,0,0,0,0,0,0,0,0,0,0,0,0,0,1,0,0
32000000.0,133.0,5.9,549.0,7,57892152.0,176518734.8,0.0,156167015.0,1,1,0,0,0,0,0,0,0,0,0,0,0,0,0,0,0,0,1,0,0
7000000.0,121.0,6.4,540.0,7,56682731.9047619,125062611.25,0.0,161777836.0,1,1,0,0,0,0,0,0,0,0,0,0,0,0,0,0,0,0,1,0,0
5500000.0,130.0,6.5,572.0,12,54279689.81481481,93231474.33333333,125705096.44886364,141195658.0,1,1,0,0,0,0,0,0,0,0,0,0,0,0,0,0,0,0,1,0,0
135000000.0,128.0,6.0,878.0,11,123250718.16666667,0.0,347421734.0,361832400.0,1,1,0,0,0,0,0,0,0,0,0,0,0,0,0,0,0,0,1,0,0
90000000.0,92.0,7.3,3914.0,10,558552402.5,0.0,0.0,497366869.0,0,0,1,0,1,0,0,1,0,0,0,0,0,0,0,0,0,0,0,0,0
1300000.0,118.0,7.6,133.0,10,96951208.16666667,0.0,0.0,29133000.0,0,0,0,0,0,0,1,0,0,0,0,0,0,0,0,0,0,0,0,0,0
6000000.0,108.0,7.2,848.0,1,102754703.33333333,5329896.0,5329896.0,30471.0,1,0,0,0,0,1,0,0,0,0,0,0,0,0,0,0,0,0,1,0,0
23000000.0,108.0,6.7,1812.0,2,221359070.85185185,75762477.0,0.0,53187659.0,1,0,0,0,0,0,0,0,0,0,0,0,0,0,0,0,0,1,1,0,0
83000000.0,90.0,4.4,140.0,4,0.0,0.0,242370207.5,59468275.0,0,0,0,0,1,0,0,1,0,0,0,0,0,0,0,1,0,1,0,0,0
125000000.0,123.0,5.9,1966.0,5,258176341.38095236,265087313.0,733277275.875,546388105.0,1,1,0,0,0,0,0,0,0,0,0,0,0,0,0,0,0,0,1,0,0
6500000.0,142.0,6.5,464.0,12,0.0,0.0,135777115.27272728,81974493.0,1,1,0,0,0,0,0,0,0,0,0,0,0,0,0,0,0,0,1,0,0
14000000.0,125.0,6.6,515.0,7,56682731.9047619,169110519.66666666,0.0,185438673.0,1,1,0,0,0,0,0,0,0,0,0,0,0,0,0,0,0,0,1,0,0
34000000.0,126.0,5.9,551.0,6,56682731.9047619,169110519.66666666,135777115.27272728,210308099.0,1,1,0,0,0,0,0,0,0,0,0,0,0,0,0,0,0,1,1,0,0
7000000.0,125.0,6.4,533.0,12,56682731.9047619,125062611.25,125705096.44886364,97572000.0,1,1,0,0,0,0,0,0,0,0,0,0,0,0,0,0,0,0,1,0,0
30000000.0,84.0,6.4,201.0,7,54345916.0,81518874.0,0.0,133949270.0,0,1,1,0,0,0,0,1,1,0,0,0,0,0,0,0,0,1,0,0,0
3000000.0,97.0,6.3,97.0,7,3211886.6666666665,9635660.0,0.0,7282851.0,1,0,0,0,0,0,0,0,0,0,0,0,1,0,0,0,0,1,1,0,0
28000000.0,98.0,5.8,574.0,8,215566370.58333334,304880947.0,0.0,90449929.0,0,0,0,0,1,0,0,0,0,0,0,0,0,0,0,0,0,0,0,0,0
7200000.0,120.0,6.3,562.0,12,54279689.81481481,125062611.25,125705096.44886364,116019547.0,1,1,0,0,0,0,0,0,0,0,0,0,0,0,0,0,0,0,1,0,0
40000000.0,130.0,6.2,447.0,6,57892152.0,176518734.8,135777115.27272728,191185897.0,1,1,0,0,0,0,0,0,0,0,0,0,0,0,0,0,0,0,1,0,0
16000000.0,93.0,6.0,143.0,7,77149674.33333333,81518874.0,0.0,68411275.0,1,1,1,0,0,0,0,1,1,0,0,0,0,0,0,0,0,0,0,0,0
16000000.0,93.0,6.0,143.0,7,77149674.33333333,81518874.0,0.0,68411275.0,1,1,1,0,0,0,0,1,1,0,0,0,0,0,0,0,0,0,0,0,0
60000000.0,90.0,7.3,4183.0,5,709465330.6,0.0,623173836.21875,484409218.0,0,1,1,0,1,0,0,1,1,0,0,0,0,0,0,0,0,0,0,0,0
120000000.0,95.0,6.7,1257.0,6,76331071.33333333,281702139.0,553159557.6363636,186053725.0,0,1,1,0,0,0,0,1,0,0,0,0,0,0,0,0,0,1,0,0,0
60000000.0,87.0,5.0,363.0,7,155906342.8888889,0.0,242721803.6,93375151.0,0,0,0,0,1,0,0,1,0,0,0,0,0,0,0,0,0,0,0,0,0
10000000.0,90.0,6.7,464.0,2,79441049.36666666,0.0,0.0,40485039.0,0,1,0,0,1,0,0,0,0,0,0,0,0,0,0,0,0,1,0,0,0
4000000.0,102.0,7.4,630.0,12,6996000.0,0.0,0.0,35976000.0,1,0,0,0,0,1,0,0,0,0,0,0,0,0,0,0,0,0,1,0,0
115000000.0,92.0,7.5,6150.0,11,122636042.66666667,0.0,472903100.25,562816256.0,0,0,1,0,1,0,0,1,0,0,0,0,0,0,0,0,0,0,0,0,0
125000000.0,152.0,7.5,7188.0,11,964951366.6349206,726580112.5,747072370.1333333,976475550.0,0,1,0,0,0,0,0,1,1,0,0,0,0,0,0,0,0,0,0,0,0
85000000.0,116.0,7.2,3857.0,12,351874880.72222227,322998906.25,374924684.6666667,450717150.0,0,0,0,0,0,1,0,0,0,0,0,0,0,0,0,0,0,0,1,0,0
93000000.0,178.0,8.0,8892.0,12,821652642.4428571,975344683.1666666,935794206.5714285,871368364.0,1,1,0,0,0,0,0,0,1,0,0,0,0,0,0,0,0,0,0,0,0
59000000.0,81.0,7.1,3954.0,3,623849787.9833333,0.0,242370207.5,383257136.0,0,1,1,0,1,0,0,1,0,0,0,0,0,0,0,0,0,0,0,0,0
33000000.0,100.0,6.4,2100.0,3,113575635.88888888,177663716.0,86243057.15,102984862.0,1,0,0,0,0,0,0,0,0,0,0,0,1,0,0,0,0,1,0,0,0
54000000.0,117.0,6.3,1556.0,3,134632376.05555555,220643975.0,172486114.3,155010032.0,1,0,0,0,0,0,0,0,1,0,0,0,1,0,0,0,0,0,1,0,0
60000000.0,92.0,5.3,802.0,4,270314661.0,0.0,242721803.6,165333180.0,1,1,0,0,0,0,0,0,1,0,0,0,0,0,0,0,0,0,0,0,0
139000000.0,121.0,6.8,5398.0,5,592139645.25,832115506.0,617548376.0,821708551.0,1,0,0,0,0,0,0,0,1,0,0,0,0,0,0,0,0,0,0,0,0
120000000.0,142.0,6.4,4074.0,5,687757895.5666667,799778473.25,747072370.1333333,649398328.0,1,1,0,0,0,0,0,0,0,0,0,0,0,0,0,0,0,1,0,0,0
68000000.0,124.0,5.9,447.0,5,231366924.66666666,0.0,208356656.5,193000000.0,1,0,0,0,0,0,1,0,0,0,0,0,0,0,0,0,0,0,1,0,0
60000000.0,119.0,7.3,3640.0,6,295727190.72222227,0.0,511945625.4375,214034224.0,1,0,0,0,0,0,1,0,0,0,0,0,0,0,1,0,0,0,1,0,0
140000000.0,88.0,6.1,3188.0,7,346667844.6222222,551745372.6666666,617548376.0,441818803.0,1,1,0,0,1,0,0,0,0,0,0,0,0,0,0,0,0,1,0,0,0
63000000.0,94.0,5.9,997.0,7,216830829.26666665,406649185.0,0.0,296655431.0,0,0,0,0,1,1,0,0,0,0,0,0,0,0,0,0,0,1,0,0,0
70000000.0,124.0,5.8,1454.0,8,318696720.1851852,339288510.5,0.0,277448382.0,1,1,0,0,0,0,0,0,0,0,0,0,0,0,0,0,0,0,1,0,0
140000000.0,133.0,5.8,1112.0,11,231636003.33333334,251522524.0,0.0,431971116.0,1,1,0,0,0,0,0,0,0,0,0,0,0,0,0,0,0,0,1,0,0
79000000.0,179.0,8.0,7641.0,12,886181306.1095238,975344683.1666666,467897103.28571427,926287400.0,1,1,0,0,0,0,0,0,1,0,0,0,0,0,0,0,0,0,0,0,0
7000000.0,89.0,6.0,310.0,4,9375168.666666666,45501640.0,0.0,16829545.0,0,0,0,0,0,0,0,0,0,0,0,0,1,0,0,0,0,0,0,0,0
80000000.0,101.0,6.4,3121.0,5,92970777.5,328786417.5,242721803.6,484572835.0,0,0,0,0,1,0,0,0,1,0,0,0,0,0,0,0,0,0,0,0,0
94000000.0,100.0,7.6,6292.0,5,656302141.6666666,0.0,989535511.75,940335536.0,0,0,1,0,0,0,0,1,0,0,0,0,0,0,0,0,0,0,0,0,0
140000000.0,143.0,7.5,7191.0,7,578643783.5555556,893890345.3333334,442947976.0,655011224.0,1,1,0,0,0,0,0,0,1,0,0,0,0,0,0,0,0,0,0,0,0
80000000.0,117.0,5.8,780.0,8,275720216.7222222,0.0,0.0,116643346.0,1,0,0,0,0,1,0,0,0,0,0,0,0,0,0,0,0,0,1,0,0
22000000.0,121.0,6.6,2556.0,9,84409057.46666667,103524629.0,127910564.0,95708457.0,1,0,0,0,0,0,0,0,1,0,0,0,0,0,0,0,0,0,1,0,0
7000000.0,90.0,2.8,106.0,4,0.0,8111800.5,0.0,13818181.0,1,0,0,0,0,0,0,0,0,0,0,0,1,0,0,0,0,0,1,0,0
30000000.0,111.0,7.7,5091.0,10,0.0,102993448.5,154927183.0,180949000.0,1,0,0,0,0,1,0,0,0,0,0,0,0,0,0,0,0,0,0,0,0
23000000.0,91.0,6.4,666.0,11,31423689.0,0.0,0.0,76488889.0,0,0,0,0,1,1,1,0,0,0,0,0,0,0,0,0,0,0,0,0,0
12000000.0,114.0,7.0,517.0,6,144634907.16666666,0.0,0.0,79567667.0,0,0,0,0,0,0,0,0,0,0,0,0,0,0,0,0,0,1,1,0,0
94000000.0,201.0,8.1,8226.0,12,886181306.1095238,975344683.1666666,935794206.5714285,1118888979.0,1,1,0,0,0,0,0,0,1,0,0,0,0,0,0,0,0,0,0,0,0
26000000.0,100.0,5.2,145.0,6,0.0,0.0,0.0,28818995.0,0,0,0,0,1,0,0,0,0,0,0,0,0,0,0,0,0,0,0,0,0
66000000.0,122.0,6.5,2278.0,4,42388169.833333336,220643975.0,172486114.3,99318987.0,1,0,0,0,0,0,0,0,1,0,0,0,0,0,0,0,0,1,0,0,0
17000000.0,97.0,6.9,2401.0,4,108845258.33333333,73412524.5,0.0,129042871.0,0,0,0,0,1,0,0,0,0,0,0,0,0,0,0,0,0,0,0,0,0
160000000.0,132.0,6.0,1674.0,5,213462554.13333333,339537326.6666667,492927360.14285713,300257475.0,1,1,0,0,0,0,0,0,0,0,0,0,1,0,0,0,0,0,0,0,0
9500000.0,117.0,6.5,541.0,6,54279689.81481481,169110519.66666666,125705096.44886364,111584787.0,1,1,0,0,0,0,0,0,0,0,0,0,0,0,0,0,0,0,1,0,0
27500000.0,131.0,6.2,534.0,6,56682731.9047619,176518734.8,135777115.27272728,187500000.0,1,1,0,0,0,0,0,0,0,0,0,0,0,0,0,0,0,0,1,0,0
36000000.0,134.0,5.8,348.0,10,54279689.81481481,349200000.0,0.0,160000000.0,1,1,0,0,0,0,0,0,0,0,0,0,0,0,0,0,0,0,1,0,0
150000000.0,93.0,6.7,3082.0,5,709465330.6,0.0,734402047.0,919838758.0,0,1,1,0,1,0,0,1,1,0,0,0,0,0,0,0,0,0,0,0,0
200000000.0,127.0,6.7,4432.0,6,732660222.8055555,832115506.0,617548376.0,783766341.0,1,1,0,0,0,0,0,0,1,0,0,0,0,0,0,0,0,0,0,0,0
2700000.0,80.0,7.6,734.0,2,0.0,0.0,0.0,15992615.0,0,0,0,0,0,0,1,0,0,0,0,0,0,0,0,1,0,0,0,0,0
19000000.0,95.0,6.1,737.0,7,0.0,0.0,417132031.6666667,70067909.0,0,0,0,0,1,0,0,0,0,0,0,0,0,0,0,0,0,0,0,0,0
75000000.0,108.0,7.2,2873.0,7,201693143.88888893,382269756.3333333,511945625.4375,288500217.0,1,0,0,0,0,0,1,0,0,0,0,0,0,0,0,0,0,0,1,0,0
70000000.0,101.0,5.6,1241.0,8,31279157.166666668,177663716.0,280432899.0,171183863.0,1,1,0,0,0,0,0,0,0,0,0,0,0,0,0,0,0,1,0,0,0
92000000.0,115.0,7.4,5290.0,11,122470168.0,663077736.0,741749561.5,631442092.0,1,1,1,0,0,0,0,1,0,0,0,0,0,0,0,0,0,0,0,0,0
110000000.0,125.0,6.4,2169.0,12,318128201.1666667,322998906.25,374924684.6666667,362744280.0,0,0,0,0,0,1,0,0,0,0,0,0,0,0,0,0,0,0,1,0,0
65000000.0,123.0,5.7,1276.0,12,92244206.22222222,0.0,264410673.83333334,128905366.0,1,1,0,0,0,0,0,0,1,0,0,0,1,0,0,0,0,1,1,0,0
12000000.0,129.0,6.9,208.0,5,29793905.11111111,0.0,50720598.0,19271312.0,0,0,0,0,0,0,1,0,1,0,0,0,0,0,0,1,0,1,0,0,0
80000000.0,115.0,6.1,1412.0,12,264566857.20000002,406649185.0,472903100.25,516642939.0,0,0,0,0,1,0,0,0,0,0,0,0,0,0,0,1,0,0,0,0,0
20000000.0,89.0,4.6,194.0,2,0.0,0.0,0.0,67192859.0,0,0,0,0,0,0,1,0,0,0,0,0,1,0,1,0,0,0,1,0,0
100000000.0,121.0,6.6,1837.0,2,358038039.78730154,620959167.5,488546732.1153846,230884728.0,0,0,0,0,0,0,1,0,1,0,0,0,1,0,0,0,0,0,0,0,0
40000000.0,124.0,7.2,2755.0,4,23814925.083333332,99070718.0,143006484.78333333,158733820.0,1,0,0,0,0,1,0,0,0,0,0,0,0,0,0,0,0,0,1,0,0
60000000.0,101.0,4.7,565.0,4,269193676.0,251522524.0,172486114.3,71073932.0,1,1,0,0,0,1,1,0,0,0,0,0,0,0,1,0,0,0,1,0,0
113000000.0,140.0,7.1,4200.0,5,687757895.5666667,799778473.25,747072370.1333333,850000000.0,1,1,0,0,0,0,0,0,0,0,0,0,0,0,0,0,0,1,0,0,0
150000000.0,140.0,7.5,7511.0,6,605407912.4833333,821238738.6666666,643218416.7556818,374218673.0,1,0,0,0,0,1,1,0,0,0,0,0,0,0,0,0,0,0,0,0,0
50000000.0,104.0,5.1,321.0,8,57632210.0,0.0,95691305.0,110803676.0,1,1,0,0,1,0,0,0,0,0,0,0,0,0,0,0,0,0,0,0,0
30000000.0,85.0,6.8,660.0,9,68284363.25,0.0,0.0,192452832.0,0,1,1,0,1,0,0,1,0,0,0,0,0,0,0,0,0,0,0,0,0
75000000.0,129.0,5.9,909.0,10,84190724.16666667,364546686.3333333,1227527003.0,142400065.0,1,1,0,0,0,0,0,0,0,0,0,0,0,0,0,0,0,0,0,0,0
150000000.0,157.0,7.5,5758.0,11,964951366.6349206,0.0,609369279.6666666,895921036.0,0,1,0,0,0,0,0,1,1,0,0,0,0,0,0,0,0,0,0,0,0
12000000.0,84.0,6.5,572.0,11,0.0,0.0,0.0,9584131.0,1,0,0,0,0,0,0,0,0,0,0,0,0,0,0,0,0,1,1,0,0
25000000.0,95.0,3.6,120.0,10,47593613.72222222,8111800.5,0.0,2405420.0,1,1,0,0,0,0,0,0,1,0,0,0,1,0,0,0,0,0,0,0,0
4800000.0,94.0,5.7,913.0,1,0.0,0.0,95691305.0,80578934.0,0,0,0,0,0,0,0,0,0,0,0,0,1,0,0,0,0,0,0,0,0
15000000.0,80.0,6.0,491.0,12,240558242.9,0.0,0.0,51053787.0,0,0,1,0,1,0,0,1,0,0,0,0,0,0,0,0,0,0,0,0,0
50000000.0,106.0,6.4,1548.0,1,84409057.46666667,103524629.0,172486114.3,111340801.0,1,0,0,0,0,0,0,0,1,0,0,0,0,0,0,0,0,1,1,0,0
15000000.0,87.0,5.4,273.0,2,0.0,143537072.33333334,0.0,66966987.0,0,0,0,0,0,0,0,0,0,0,0,0,1,0,0,0,0,0,1,0,0
38000000.0,90.0,5.0,154.0,8,217354449.0,0.0,19200706.5,29907685.0,0,0,0,0,0,0,0,0,0,0,0,0,1,0,0,0,0,0,1,0,0
80000000.0,91.0,6.5,3034.0,3,623849787.9833333,633112948.0,511945625.4375,660940780.0,0,1,1,0,1,0,0,1,0,0,0,0,0,0,0,0,0,0,0,0,0
15000000.0,107.0,6.1,726.0,3,0.0,76405939.0,165723267.5,69623713.0,0,0,0,0,0,0,0,0,0,0,0,0,1,0,0,0,0,0,1,0,0
50000000.0,125.0,6.3,1093.0,4,100099433.16666667,0.0,0.0,97607453.0,0,0,0,0,0,0,0,0,0,0,0,0,1,0,1,0,0,0,0,0,0
150000000.0,126.0,6.5,2062.0,5,150450698.3809524,1233036818.0,741749561.5,397850012.0,1,1,0,0,0,0,0,0,0,0,0,0,0,0,0,0,0,0,1,0,0
125000000.0,149.0,6.5,2773.0,5,527914312.64285713,493920859.0,733277275.875,767820459.0,0,0,0,0,0,0,0,0,0,0,0,0,0,0,1,0,0,0,1,0,0
120000000.0,117.0,6.6,3991.0,6,114086368.23809524,0.0,472903100.25,461983149.0,0,1,1,0,1,0,0,1,0,0,0,0,0,0,0,0,0,0,0,0,0
200000000.0,151.0,7.0,5380.0,6,916420418.888889,893890345.3333334,733277275.875,1065659812.0,1,1,0,0,0,0,0,0,1,0,0,0,0,0,0,0,0,0,0,0,0
85000000.0,104.0,6.1,1749.0,6,0.0,484112520.5,534145488.2307692,158468292.0,1,0,0,0,0,1,1,0,0,0,0,0,0,0,0,0,0,0,1,0,0
85000000.0,83.0,6.1,676.0,9,46820740.166666664,0.0,0.0,197309027.0,0,1,1,0,0,0,0,1,0,0,0,0,0,0,0,0,0,0,0,0,0
20000000.0,102.0,5.3,288.0,10,12871602.833333334,0.0,386251286.0,39143839.0,0,0,0,0,0,0,0,0,0,0,0,0,1,0,0,0,0,0,1,0,0
150000000.0,144.0,7.3,3930.0,11,420635360.9166667,364546686.3333333,0.0,599045960.0,1,1,0,0,0,0,0,0,0,0,0,0,0,0,0,0,0,0,1,0,0
100000000.0,108.0,5.9,1457.0,11,345507153.68888885,304533471.3333333,511945625.4375,384335608.0,0,0,1,0,1,0,0,0,0,0,0,0,0,0,0,0,0,0,0,0,0
24000000.0,102.0,6.5,858.0,12,68652742.44444445,181145272.0,175516967.0,155721132.0,0,0,0,0,0,0,1,0,0,0,0,0,0,0,0,0,0,0,0,0,0
19000000.0,141.0,7.2,553.0,12,0.0,0.0,0.0,68673228.0,1,1,0,0,0,0,1,0,0,0,0,0,0,0,0,0,0,0,0,1,0
47000000.0,75.0,4.6,108.0,9,25966739.0,0.0,0.0,38085778.0,0,0,1,0,1,0,0,1,1,0,0,0,0,0,0,0,0,1,0,0,0
17000000.0,109.0,6.4,541.0,12,158377311.33333334,0.0,0.0,57103895.0,1,0,0,0,1,1,0,0,0,0,0,0,0,0,0,0,0,0,1,0,0
50000000.0,121.0,6.0,666.0,2,0.0,0.0,25360299.0,82169884.0,0,0,0,0,0,1,1,0,0,0,0,0,0,0,0,0,0,0,1,0,0
110000000.0,114.0,5.2,1754.0,2,118374820.33333333,0.0,386251286.0,228738393.0,1,0,0,0,0,0,0,0,1,0,0,0,1,0,0,0,0,0,1,0,0
994000.0,89.0,6.2,61.0,3,0.0,0.0,0.0,165000.0,0,0,0,0,0,0,1,0,0,0,0,0,0,0,0,0,0,0,0,0,0
65000000.0,117.0,7.0,5092.0,12,368177135.25,652905377.0,341238654.25,422610419.0,1,1,0,0,0,0,0,0,0,0,0,0,0,0,0,0,0,0,0,1,0
258000000.0,139.0,5.9,3687.0,5,732660222.8055555,832115506.0,386251286.0,890871626.0,1,1,0,0,0,0,0,0,1,0,0,0,0,0,0,0,0,0,0,0,0
4200000.0,132.0,6.2,170.0,1,0.0,148566362.5,0.0,38862717.0,0,0,0,0,0,0,0,0,1,0,0,0,1,0,0,0,0,0,0,0,0
2380000.0,101.0,7.4,370.0,9,0.0,0.0,0.0,8176544.0,0,0,0,0,0,1,1,0,0,0,0,0,0,0,0,0,0,0,0,0,0
160000000.0,93.0,6.0,2355.0,5,709465330.6,0.0,734402047.0,798958165.0,0,1,1,0,1,0,0,1,1,0,0,0,0,0,0,0,0,0,0,0,0
300000000.0,169.0,6.9,4627.0,5,916420418.888889,893890345.3333334,733277275.875,961000000.0,1,1,0,0,0,0,0,0,1,0,0,0,0,0,0,0,0,0,0,0,0
85000000.0,122.0,6.5,2040.0,6,351874880.72222227,322998906.25,374924684.6666667,311312624.0,0,0,0,0,0,1,0,0,0,0,0,0,0,0,0,0,0,0,1,0,0
85000000.0,85.0,5.9,616.0,6,286049650.9761905,298522256.5,0.0,149044513.0,0,0,1,0,1,0,0,1,0,0,0,0,0,0,0,0,0,0,0,0,0
25000000.0,113.0,6.7,1359.0,5,11132648.133333333,102993448.5,0.0,25037897.0,1,0,0,0,0,0,0,0,0,0,0,0,0,0,0,0,0,0,1,0,0
175000000.0,96.0,5.3,1194.0,6,348247647.1666667,328786417.5,0.0,173000000.0,0,0,0,0,1,0,0,1,1,0,0,0,0,0,0,0,0,0,0,0,0
150000000.0,144.0,6.6,4113.0,6,617162030.9206349,873220248.8,0.0,709709780.0,1,1,0,0,0,0,0,0,0,0,0,0,0,0,0,0,0,1,0,0,0
150000000.0,138.0,7.4,5633.0,6,964951366.6349206,995564027.0,936085967.5,938212738.0,0,1,0,0,0,0,0,1,1,0,0,0,0,0,1,0,0,0,0,0,0
70000000.0,115.0,7.3,2938.0,8,117937403.72222222,382269756.3333333,511945625.4375,442824138.0,1,0,0,0,0,0,1,0,0,0,0,0,0,0,1,0,0,0,1,0,0
6000000.0,89.0,4.4,94.0,8,0.0,0.0,0.0,18197398.0,0,0,0,0,1,0,0,1,0,0,0,0,0,0,0,0,0,0,0,0,0
15000000.0,109.0,5.9,510.0,8,0.0,45501640.0,341238654.25,80253908.0,0,0,0,0,0,0,0,0,0,0,0,0,1,0,0,0,0,0,0,0,0
45000000.0,94.0,6.1,1308.0,9,140755380.33333334,0.0,141305044.0,148412065.0,1,0,0,0,0,0,0,0,0,0,0,0,1,0,0,0,0,1,0,0,0
30000000.0,113.0,6.2,784.0,10,21096130.0,386998660.0,0.0,75505973.0,0,0,0,0,0,0,0,0,0,0,0,0,1,0,0,0,0,0,1,0,0
10000000.0,93.0,5.9,938.0,10,76385932.44444445,0.0,141305044.0,139352633.0,0,0,0,0,0,1,0,0,0,0,0,0,1,0,0,0,0,0,1,0,0
24000000.0,89.0,5.9,982.0,11,222068389.66666666,0.0,0.0,99965753.0,1,0,0,0,0,1,1,0,0,0,0,0,0,0,0,0,0,0,1,0,0
60000000.0,92.0,5.5,1212.0,12,254933794.0,0.0,170935453.75,361366633.0,0,0,1,0,1,0,0,1,1,0,0,0,0,1,0,0,0,0,0,0,0
130000000.0,124.0,6.1,1782.0,12,324715273.0555555,0.0,0.0,457363168.0,1,1,0,0,0,0,0,0,0,0,0,0,0,0,1,0,0,0,1,0,0
40000000.0,94.0,4.9,758.0,12,0.0,0.0,534145488.2307692,41797066.0,1,0,0,0,0,0,0,0,1,0,0,0,1,0,0,0,0,1,1,0,0
1500000.0,78.0,7.1,954.0,4,16305893.333333334,24458840.0,0.0,30448000.0,0,0,0,0,0,0,0,0,0,0,0,0,1,0,1,0,0,0,0,0,0
50000000.0,92.0,6.4,1009.0,1,68652742.44444445,181145272.0,534145488.2307692,113244290.0,1,0,0,0,0,0,0,0,0,0,0,0,0,0,0,0,0,0,1,0,0
12000000.0,98.0,5.5,284.0,2,23814925.083333332,0.0,0.0,56309766.0,0,0,0,0,0,0,1,0,0,0,0,0,1,0,0,0,0,0,1,0,0
185000000.0,152.0,8.3,12269.0,7,461539859.55,821238738.6666666,643218416.7556818,1004558444.0,1,0,0,0,0,1,1,0,0,0,0,0,0,0,0,0,0,0,1,0,0
20000000.0,115.0,6.5,511.0,3,0.0,0.0,75183438.0,41627431.0,1,0,0,0,0,0,1,0,0,0,0,0,0,0,0,0,0,0,0,0,0
12000000.0,107.0,6.2,508.0,4,95652042.16666667,139241353.5,0.0,43493123.0,0,1,0,0,1,0,0,0,0,0,0,0,0,0,0,0,0,0,0,0,0
140000000.0,126.0,7.4,8951.0,4,403678596.7083333,604553776.5,373894164.6666667,585174222.0,1,1,0,0,0,0,0,0,0,0,0,0,0,0,0,0,0,1,0,0,0
185000000.0,122.0,5.7,2558.0,5,617637841.531746,562414635.0,747072370.1333333,786636033.0,1,1,0,0,0,0,0,0,0,0,0,0,0,0,0,0,0,0,0,0,0
65000000.0,145.0,6.0,525.0,5,234533492.66666666,351800239.0,351800239.0,415252786.0,0,0,0,0,1,0,1,0,0,0,0,0,0,0,0,1,0,0,0,0,0
130000000.0,90.0,6.9,3231.0,6,576991353.4444445,0.0,622611450.65625,631744560.0,0,1,1,0,1,0,0,1,0,0,0,0,0,0,0,0,0,0,0,0,0
75000000.0,110.0,6.4,2583.0,6,385154183.3888889,148566362.5,617548376.0,258270008.0,1,0,0,0,0,1,0,0,0,0,0,0,0,0,0,0,0,0,1,0,0
37000000.0,81.0,5.1,102.0,7,0.0,324489636.5,0.0,63800345.0,0,0,1,0,0,0,0,1,0,0,0,0,0,0,0,0,0,0,0,0,0
145000000.0,112.0,5.2,1418.0,7,272338042.3333333,339288510.5,0.0,401128639.0,1,1,0,0,0,0,0,0,1,0,0,0,0,0,0,0,0,0,0,0,0
80341000.0,150.0,7.1,207.0,7,29793905.11111111,265087313.0,0.0,127814609.0,1,1,0,0,0,0,1,0,0,0,0,0,0,0,0,0,0,0,0,0,0
45000000.0,105.0,6.0,1205.0,8,282427493.625,177663716.0,0.0,73762516.0,1,0,0,0,0,0,0,0,0,0,0,0,0,0,0,0,0,1,1,0,0
150000000.0,89.0,6.2,1866.0,10,126684603.2,0.0,0.0,603900354.0,0,0,1,0,0,0,0,1,0,0,0,0,0,0,0,0,0,0,0,0,0
200000000.0,106.0,6.1,3015.0,10,378873772.4166667,558977863.5,0.0,586090727.0,1,1,0,0,0,1,0,0,0,0,0,0,0,0,0,0,0,0,1,0,0
37000000.0,122.0,5.8,3688.0,11,403406093.5,0.0,0.0,392616625.0,0,1,0,0,0,0,1,0,1,0,0,0,0,0,0,1,0,0,0,0,0
30000000.0,104.0,5.9,1110.0,11,95848107.29166667,217375486.5,0.0,108979549.0,1,1,0,0,0,1,0,0,0,0,0,0,0,0,0,0,0,0,1,0,0
60000000.0,115.0,6.9,1392.0,12,207057145.73809525,0.0,0.0,244082376.0,0,0,0,0,1,0,0,1,0,0,0,0,0,0,0,0,0,0,0,0,0
11715578.0,108.0,7.5,1309.0,12,19296199.333333332,28944299.0,28944299.0,21888598.0,1,0,0,0,0,0,1,0,0,0,0,1,0,0,0,0,0,0,0,0,0
15000000.0,101.0,5.3,303.0,1,0.0,0.0,75183438.0,100734718.0,0,0,0,0,0,0,0,0,0,0,0,0,1,0,1,0,0,0,0,0,0
26000000.0,91.0,5.2,807.0,1,196219977.16666666,0.0,0.0,183293131.0,1,1,0,0,1,0,0,1,0,0,0,0,0,0,0,0,0,0,0,0,0
5000000.0,90.0,5.3,150.0,5,0.0,0.0,0.0,38610009.0,0,0,0,0,0,0,0,0,0,0,0,0,1,0,1,0,0,0,1,0,0
19000000.0,97.0,5.7,566.0,2,16645463.166666666,0.0,0.0,91379051.0,0,0,0,0,0,0,0,0,0,0,0,0,1,0,0,0,0,0,0,0,0
8500000.0,98.0,5.9,156.0,12,0.0,0.0,0.0,8936663.0,1,1,0,0,0,0,0,0,0,0,0,0,0,0,0,0,0,0,1,0,0
13000000.0,152.0,7.4,1020.0,2,112153896.44444443,0.0,0.0,104345682.0,0,0,0,0,0,1,1,0,0,0,0,0,0,0,1,0,0,0,1,0,0
85000000.0,107.0,6.5,2426.0,4,517506095.0740741,484112520.5,534145488.2307692,363164265.0,1,0,0,0,0,1,1,0,0,0,0,0,0,0,0,0,0,0,1,0,0
20000000.0,96.0,5.9,878.0,4,95848107.29166667,91888966.0,0.0,34560577.0,1,0,0,0,0,1,0,0,0,0,0,0,0,0,0,0,0,0,1,0,0
150000000.0,107.0,6.2,4086.0,4,163561706.33333334,0.0,0.0,373062864.0,1,1,0,0,0,0,0,0,0,0,0,0,0,0,0,0,0,1,1,0,0
80000000.0,136.0,7.1,110.0,1,29793905.11111111,265087313.0,0.0,121059225.0,1,0,0,0,0,0,1,0,0,0,0,1,0,0,0,0,0,0,1,1,0
200000000.0,115.0,5.9,2496.0,5,610054243.3333334,0.0,617548376.0,371353001.0,1,0,0,0,0,0,0,0,0,0,0,0,0,0,0,0,0,1,1,0,0
150000000.0,105.0,5.9,2026.0,5,378674963.1047619,0.0,0.0,413106170.0,1,1,0,0,1,0,0,1,1,0,0,0,0,0,0,0,0,0,0,0,0
35000000.0,100.0,7.2,6324.0,6,351872978.22222227,356863302.5,417132031.6666667,459270619.0,0,0,0,0,1,0,0,0,0,0,0,0,0,0,0,0,0,0,0,0,0
800000.0,91.0,6.1,313.0,1,0.0,0.0,0.0,1984662.0,0,0,0,0,1,0,0,0,0,0,0,0,1,0,0,0,0,0,0,0,0
150000000.0,150.0,6.0,3192.0,6,617162030.9206349,873220248.8,669613224.8333334,836297228.0,1,1,0,0,0,0,0,0,0,0,0,0,0,0,0,0,0,1,0,0,0
90000000.0,94.0,6.5,2330.0,6,623849787.9833333,633112948.0,511945625.4375,886686817.0,0,1,1,0,1,0,0,1,0,0,0,0,0,0,0,0,0,0,0,0,0
250000000.0,153.0,7.4,5435.0,7,964951366.6349206,995564027.0,936085967.5,933959197.0,0,1,0,0,0,0,0,1,1,0,0,0,0,0,0,0,0,0,0,0,0
3400000.0,88.0,6.3,365.0,7,0.0,0.0,0.0,114000000.0,0,0,0,0,0,0,0,0,0,0,0,0,1,0,0,0,0,0,1,0,0
175000000.0,118.0,5.6,1988.0,8,132078244.16666667,339537326.6666667,492927360.14285713,302469017.0,1,1,0,0,0,0,0,0,0,0,0,0,0,0,0,0,0,1,1,0,0
20000000.0,108.0,5.7,223.0,3,0.0,0.0,0.0,17280326.0,1,1,0,0,0,0,1,0,0,0,0,0,0,0,0,0,0,0,1,0,0
15000000.0,105.0,5.1,273.0,8,9375168.666666666,45501640.0,0.0,39421467.0,0,0,0,0,0,0,0,0,0,0,0,0,1,0,0,0,0,0,0,0,0
40000000.0,82.0,5.4,851.0,8,0.0,0.0,0.0,186167139.0,0,0,0,0,0,0,0,0,0,0,0,0,1,0,1,0,0,0,0,0,0
100000000.0,90.0,6.5,1799.0,9,124094195.33333333,275544025.0,292110340.6,242988466.0,0,0,1,0,1,0,0,1,0,0,0,0,0,0,0,0,0,0,0,0,0
15000.0,86.0,5.9,1351.0,9,64063516.666666664,0.0,0.0,193355800.0,0,0,0,0,0,0,0,0,0,0,0,0,1,0,1,0,0,0,0,0,0
11000000.0,90.0,6.0,755.0,10,110449942.94444446,102192031.5,0.0,68233629.0,0,0,0,0,0,0,0,0,0,0,0,0,1,0,1,0,0,0,0,0,0
8000000.0,118.0,5.8,264.0,11,3553264.0,5329896.0,5329896.0,10629321.0,1,0,0,0,0,1,0,0,0,0,0,0,0,0,0,0,0,0,1,0,0
50000000.0,130.0,5.6,2518.0,3,639016167.3888888,0.0,1002044443.3333334,709827462.0,0,1,0,0,0,0,1,0,1,0,0,0,0,0,0,1,0,0,0,0,0
237000000.0,162.0,7.2,12114.0,12,1153621403.5833335,1433168143.5,1227527003.0,2787965087.0,1,1,0,0,0,0,0,0,1,0,0,0,0,0,0,0,0,1,0,0,0
90000000.0,128.0,7.0,5883.0,12,558679926.7083334,429321839.5,0.0,524028679.0,1,1,0,0,0,1,0,0,0,0,0,0,0,0,1,0,0,0,0,0,0
75000000.0,88.0,5.3,688.0,12,427422950.8333333,0.0,242370207.5,443140005.0,0,0,1,0,1,0,0,1,1,0,0,0,0,1,0,0,0,0,0,0,0
4000000.0,147.0,7.0,451.0,11,112153896.44444443,0.0,0.0,43498108.0,1,0,0,0,0,1,0,0,0,0,0,0,0,0,1,0,0,0,1,0,0
5600000.0,85.0,6.5,496.0,9,16305893.333333334,24458840.0,0.0,18469680.0,0,0,0,0,0,0,0,0,0,0,0,0,1,0,0,0,0,0,1,0,0
200000000.0,108.0,6.4,4773.0,3,658873145.8444445,0.0,617548376.0,1025491110.0,0,1,0,0,0,0,0,1,1,0,0,0,0,0,0,0,0,0,0,0,0
3000000.0,92.0,5.2,30.0,11,0.0,0.0,0.0,18097.0,0,0,0,0,1,0,1,0,0,0,0,0,0,0,0,0,0,0,0,0,0
36000000.0,101.0,5.9,911.0,3,0.0,0.0,417132031.6666667,64572262.0,0,1,0,0,1,0,0,0,0,0,0,0,0,0,0,0,0,1,0,0,0
165000000.0,98.0,7.5,4319.0,3,328364190.5833333,552000903.5,511945625.4375,494878759.0,0,1,1,0,0,0,0,1,1,0,0,0,0,0,0,0,0,0,0,0,0
125000000.0,106.0,5.6,2280.0,4,519905018.43333334,0.0,0.0,232713139.0,1,1,0,0,0,0,0,0,1,0,0,0,0,0,0,0,0,0,0,0,0
15000000.0,92.0,5.9,369.0,3,49372630.666666664,125139624.5,0.0,75700498.0,0,0,0,0,1,0,0,1,0,0,0,0,0,0,0,0,0,0,0,0,0
200000000.0,124.0,6.6,6969.0,4,919851830.2083334,604553776.5,0.0,623933331.0,1,1,0,0,0,0,0,0,0,0,0,0,0,0,0,0,0,1,0,0,0
35000000.0,95.0,5.5,771.0,4,0.0,0.0,669613224.8333334,115664037.0,0,0,0,0,0,0,0,0,0,0,0,0,1,0,1,0,0,0,1,0,0
100000000.0,146.0,5.5,434.0,5,234533492.66666666,351800239.0,351800239.0,288347692.0,0,0,0,0,1,0,1,0,0,0,0,0,0,0,0,1,0,0,0,0,0
200000000.0,103.0,7.6,4710.0,6,473404286.1666667,0.0,0.0,1066969703.0,0,0,1,0,1,0,0,1,0,0,0,0,0,0,0,0,0,0,0,0,0
165000000.0,93.0,6.0,2021.0,5,709465330.6,547648151.0,0.0,752600867.0,0,1,1,0,1,0,0,1,1,0,0,0,0,0,0,0,0,0,0,0,0
68000000.0,124.0,5.9,2382.0,6,639016167.3888888,386998660.0,935794206.5714285,698491347.0,0,1,0,0,0,0,1,0,1,0,0,0,0,0,0,1,0,0,0,0,0
69000000.0,95.0,7.1,6595.0,7,343727974.8333333,796577935.6666666,716652373.625,543513985.0,0,0,1,0,0,0,0,1,0,0,0,0,0,0,0,0,0,0,0,0,0
80000000.0,102.0,6.0,1746.0,6,97421118.8888889,259207233.5,0.0,271430189.0,0,0,0,0,1,0,0,0,0,0,0,0,0,0,0,0,0,0,0,0,0
35000000.0,109.0,6.0,450.0,3,68284363.25,0.0,553159557.6363636,93246388.0,0,0,0,0,1,0,0,0,1,0,0,0,0,0,0,0,0,0,0,0,0
12902809.0,109.0,7.2,684.0,4,19296199.333333332,28944299.0,28944299.0,36000000.0,1,0,0,0,0,0,1,0,0,0,0,1,0,0,0,0,0,0,0,0,0
80000000.0,103.0,6.0,2977.0,8,262341485.9027778,181145272.0,534145488.2307692,274470394.0,1,1,0,0,0,0,0,0,0,0,0,0,0,0,0,0,0,0,1,0,0
24000000.0,88.0,5.3,599.0,8,0.0,76405939.0,75183438.0,83188165.0,0,0,0,0,1,0,0,0,0,0,0,0,1,0,0,0,0,0,0,0,0
1800000.0,87.0,5.6,330.0,8,0.0,0.0,0.0,67738090.0,0,0,0,0,0,0,1,0,0,0,0,0,1,0,0,0,0,0,1,0,0
20000000.0,105.0,6.3,1171.0,9,71408538.80555555,0.0,0.0,31327899.0,1,0,0,0,1,0,0,0,0,0,0,0,0,0,0,0,0,0,1,0,0
30000000.0,107.0,6.6,595.0,8,0.0,247096573.0,0.0,159291809.0,0,0,0,0,0,0,1,0,0,0,0,0,0,0,0,1,0,0,0,0,0
20000000.0,82.0,4.2,326.0,8,0.0,0.0,170935453.75,80547866.0,0,0,0,0,1,0,0,0,0,0,0,0,1,0,0,0,0,0,0,0,0
60000000.0,97.0,5.8,1382.0,9,140755380.33333334,177663716.0,165723267.5,300228084.0,1,1,0,0,0,0,0,0,0,0,0,0,1,0,0,0,0,1,0,0,0
70000000.0,133.0,5.8,504.0,9,389672845.36507934,0.0,0.0,134748021.0,0,0,0,0,0,1,1,0,0,0,0,0,0,0,0,0,0,0,0,0,0
85000000.0,82.0,4.9,122.0,7,0.0,234088262.0,0.0,112483764.0,0,0,0,0,1,0,0,1,0,0,0,0,0,0,0,0,0,0,0,0,0
500000.0,94.0,6.2,597.0,6,0.0,530150125.5,0.0,4242978.0,0,0,0,0,0,0,1,0,0,0,0,0,0,0,0,0,0,1,1,0,0
3000000.0,91.0,5.7,734.0,10,64063516.666666664,0.0,0.0,177512032.0,0,0,0,0,0,0,0,0,0,0,0,0,1,0,0,0,0,0,1,0,0
20000000.0,90.0,5.8,758.0,10,110449942.94444446,102192031.5,141305044.0,136150434.0,0,0,0,0,0,1,0,0,0,0,0,0,1,0,0,0,0,0,0,0,0
250000000.0,146.0,7.5,5708.0,10,964951366.6349206,995564027.0,1002044443.3333334,954305868.0,0,1,0,0,0,0,0,1,1,0,0,0,0,0,0,0,0,0,0,0,0
260000000.0,100.0,7.4,3419.0,11,172489156.83333334,0.0,245532618.0,591794936.0,0,0,1,0,0,0,0,1,0,0,0,0,0,0,0,0,0,0,0,0,0
170000000.0,125.0,6.3,2895.0,12,96951208.16666667,0.0,0.0,400062763.0,1,1,0,0,0,0,0,0,0,0,0,0,0,0,0,0,0,1,0,0,0
100000000.0,98.0,5.5,1092.0,12,378653225.4380953,0.0,0.0,310650585.0,0,0,0,0,1,0,0,0,0,0,0,0,0,0,0,1,0,0,0,0,0
40000000.0,93.0,6.3,1066.0,1,116944237.29166667,143537072.33333334,92552911.33333333,51070807.0,1,0,0,0,0,1,0,0,0,0,0,0,0,0,0,0,0,0,1,0,0
32000000.0,107.0,5.3,322.0,2,46820740.166666664,0.0,242370207.5,83615414.0,1,0,0,0,1,1,0,0,0,0,0,0,0,0,0,0,0,0,0,0,0
1500000.0,103.0,6.8,1775.0,9,115981200.61111112,560357164.75,223427701.33333334,97009150.0,0,0,0,0,0,0,0,0,0,0,0,0,1,0,0,0,0,0,1,0,0
21000000.0,99.0,6.3,250.0,3,49372630.666666664,0.0,0.0,72417394.0,0,0,0,0,1,0,0,1,0,0,0,0,0,0,0,0,0,0,0,0,0
1500000.0,84.0,6.3,73.0,12,0.0,0.0,0.0,8786756.0,1,0,0,0,1,0,0,0,0,0,0,0,0,0,0,0,0,0,0,0,0
40000000.0,111.0,6.1,930.0,4,0.0,0.0,0.0,97138686.0,0,0,0,0,0,0,0,0,0,0,0,0,1,0,1,0,0,0,0,0,0
90000000.0,96.0,6.5,2213.0,4,468156147.78888893,633112948.0,511945625.4375,484635760.0,0,1,1,0,1,0,0,1,0,0,0,0,0,0,0,0,0,0,0,0,0
150000000.0,115.0,6.6,6678.0,4,620857522.1999999,0.0,609369279.6666666,449326618.0,1,1,0,0,0,0,0,0,1,0,0,0,0,0,0,0,0,0,0,0,0
15000000.0,97.0,5.0,61.0,4,0.0,0.0,0.0,4627375.0,0,0,0,0,0,0,1,0,0,0,0,0,0,0,1,0,0,1,1,0,0
125000000.0,130.0,7.1,2491.0,4,469912481.3518519,484112520.5,534145488.2307692,626137675.0,1,0,0,0,0,1,0,0,0,0,0,0,0,0,0,0,0,0,1,0,0
380000000.0,136.0,6.4,5068.0,5,467259721.4444445,0.0,733277275.875,1045713802.0,1,1,0,0,0,0,0,0,1,0,0,0,0,0,0,0,0,0,0,0,0
80000000.0,102.0,6.2,3836.0,5,351872978.22222227,356863302.5,0.0,254455986.0,0,0,0,0,1,0,0,0,0,0,0,0,0,0,0,0,0,0,0,0,0
150000000.0,91.0,6.7,1925.0,5,576991353.4444445,0.0,622611450.65625,665692281.0,0,0,1,0,0,0,0,1,0,0,0,0,0,0,0,0,0,0,0,0,0
160000000.0,132.0,7.1,5252.0,5,524134753.9555556,383987835.0,0.0,353624124.0,1,1,0,0,0,0,0,0,0,0,0,0,0,0,0,0,0,1,0,0,0
20000000.0,121.0,6.1,29.0,4,0.0,0.0,0.0,60072596.0,0,0,0,0,1,0,0,0,0,0,0,0,0,0,0,1,0,0,0,0,0
195000000.0,154.0,6.1,3351.0,6,189098442.80952382,873220248.8,669613224.8333334,1123746996.0,1,1,0,0,0,0,0,0,0,0,0,0,0,0,0,0,0,1,0,0,0
35000000.0,98.0,6.4,2341.0,7,180404595.16666666,0.0,170935453.75,117000000.0,0,0,0,0,1,1,0,0,0,0,0,0,0,0,0,0,0,0,0,0,0
200000000.0,106.0,5.8,2088.0,6,339370459.7047619,0.0,741749561.5,559852396.0,0,1,1,0,1,0,0,1,0,0,0,0,0,0,0,0,0,0,0,0,0
125000000.0,130.0,7.9,6141.0,7,964951366.6349206,995564027.0,1002044443.3333334,1342000000.0,0,1,0,0,0,0,0,1,1,0,0,0,0,0,0,0,0,0,0,0,0
140000000.0,124.0,6.6,7174.0,7,475935949.65000004,0.0,492927360.14285713,370569774.0,1,1,0,0,0,0,0,0,0,0,0,0,0,0,0,0,0,1,0,0,0
110000000.0,103.0,5.5,1201.0,7,358876312.1666667,330088672.0,808689038.75,563749323.0,0,1,1,0,1,0,0,1,1,0,0,0,0,0,0,0,0,0,0,0,0
20000000.0,88.0,5.3,125.0,9,8803638.166666666,0.0,0.0,39300000.0,0,0,1,0,0,0,0,1,0,0,0,0,0,0,0,0,0,0,0,0,0
3837625.0,103.0,6.3,15.0,10,0.0,0.0,0.0,3867000.0,0,0,0,0,1,0,0,0,0,0,0,0,0,0,0,0,0,0,0,0,0
93000000.0,105.0,7.0,4452.0,8,239722016.88888887,0.0,609369279.6666666,482860185.0,1,0,0,0,0,0,1,0,0,0,0,0,0,0,0,0,0,1,1,0,0
47000000.0,92.0,5.9,892.0,8,0.0,0.0,534145488.2307692,157887643.0,0,0,0,0,0,0,0,0,0,0,0,0,1,0,1,0,0,0,0,0,0
19000000.0,108.0,6.0,335.0,11,95652042.16666667,0.0,0.0,35387212.0,0,0,0,0,1,0,0,0,0,0,0,0,0,0,0,0,0,0,0,0,0
17000000.0,106.0,6.0,617.0,8,171702308.0,0.0,0.0,24922237.0,0,0,0,0,1,0,0,0,0,0,0,0,1,0,0,0,0,0,0,0,0
650000.0,98.0,6.2,290.0,9,0.0,0.0,0.0,33245.0,1,0,0,0,0,0,1,0,0,0,0,0,1,0,0,0,0,1,1,0,0
220000000.0,143.0,7.4,12000.0,4,982117611.236111,1462480802.0,492927360.14285713,1519557910.0,1,1,0,0,0,0,0,0,0,0,0,0,0,0,0,0,0,1,0,0,0
35000000.0,103.0,6.0,876.0,10,0.0,0.0,172486114.3,28128670.0,0,0,0,0,0,0,0,0,0,0,0,0,1,0,1,0,0,1,1,0,0
5000000.0,83.0,5.9,685.0,10,64063516.666666664,0.0,0.0,205703818.0,0,0,0,0,0,0,0,0,0,0,0,0,1,0,0,0,0,0,0,0,0
45000000.0,101.0,6.0,1026.0,9,97114834.16666667,0.0,0.0,160078586.0,1,1,0,0,1,1,0,0,0,0,0,0,0,0,0,0,0,0,1,0,0
45000000.0,103.0,6.5,509.0,11,310984762.0,232277160.5,0.0,165184237.0,0,0,0,0,1,0,0,1,0,0,0,0,0,1,0,0,0,0,0,0,0
110000000.0,117.0,5.8,2622.0,3,639016167.3888888,0.0,0.0,712171856.0,0,1,0,0,0,0,0,0,1,0,0,0,0,0,0,1,0,0,0,0,0
130000000.0,100.0,5.8,381.0,11,345507153.68888885,304533471.3333333,511945625.4375,150406466.0,0,0,1,0,1,0,0,1,0,0,0,0,0,0,0,0,0,0,0,0,0
100000000.0,103.0,6.1,2940.0,8,262341485.9027778,143537072.33333334,0.0,312573423.0,1,1,0,0,0,0,0,0,0,0,0,0,0,0,0,0,0,0,1,0,0
75000000.0,142.0,6.9,9634.0,3,655675638.9222223,0.0,553159557.6363636,691210692.0,0,1,0,0,0,0,0,0,1,0,0,0,0,0,0,0,0,1,0,0,0
250000000.0,165.0,7.6,9263.0,7,688014596.2166667,821238738.6666666,733277275.875,1084939099.0,1,0,0,0,0,1,1,0,0,0,0,0,0,0,0,0,0,0,1,0,0
130000000.0,120.0,6.0,2683.0,8,264474736.77777776,0.0,553159557.6363636,276572938.0,1,0,0,0,0,0,0,0,0,0,0,0,0,0,0,0,0,0,1,0,0
125000000.0,129.0,7.0,3971.0,11,449834668.375,429321839.5,733277275.875,334615000.0,1,1,0,0,0,1,0,0,0,0,0,0,0,0,1,0,0,0,0,0,0
145000000.0,133.0,6.8,4026.0,12,541839004.547619,663077736.0,741749561.5,694713380.0,1,1,0,0,0,0,0,0,0,0,0,0,0,0,0,0,0,0,1,0,0
75000000.0,87.0,5.4,499.0,12,254933794.0,547648151.0,0.0,342695435.0,0,0,1,0,1,0,0,1,1,0,0,0,0,1,0,0,0,0,0,0,0
37000000.0,113.0,6.6,166.0,9,78295047.33333333,73914465.0,92552911.33333333,95404397.0,0,0,0,0,0,0,1,1,0,0,0,0,0,0,0,0,0,0,0,0,0
70000000.0,88.0,6.1,1885.0,1,92598044.13333333,0.0,127910564.0,160112671.0,1,0,0,0,0,0,0,0,1,0,0,0,1,0,0,0,0,0,0,0,0
17000000.0,95.0,6.1,1237.0,2,339901116.35714287,0.0,172486114.3,127730736.0,0,0,0,0,0,0,1,0,0,0,0,0,1,0,0,0,0,0,1,0,0
79000000.0,94.0,5.8,1050.0,1,715589112.0666666,234088262.0,0.0,355692760.0,1,1,0,0,0,0,0,0,0,0,0,0,0,0,0,0,0,1,0,0,0
57000000.0,95.0,4.7,1163.0,12,164532835.5,91888966.0,0.0,149217355.0,1,0,0,0,0,0,0,0,1,0,0,0,0,0,0,0,0,0,1,0,0
42000000.0,109.0,6.7,4151.0,3,136647617.83333334,275544025.0,292110340.6,201585328.0,1,0,0,0,1,1,0,0,0,0,0,0,0,0,0,0,0,0,0,0,0
150000000.0,99.0,5.5,1459.0,3,519905018.43333334,389100000.0,0.0,301000000.0,0,1,0,0,0,0,0,0,0,0,0,0,0,0,0,0,0,0,0,0,0
7500000.0,93.0,5.6,563.0,3,0.0,0.0,0.0,8135031.0,1,0,0,0,1,0,0,0,0,0,0,0,0,0,0,0,0,1,0,0,0
50000000.0,113.0,6.1,1641.0,4,57632210.0,139241353.5,0.0,234989584.0,0,0,0,0,1,0,0,0,0,0,0,0,0,0,0,0,0,0,0,0,0
1100000.0,101.0,7.3,1076.0,9,1122066.0,3366198.0,60152183.125,4105187.0,1,0,0,0,0,1,0,0,0,0,0,0,0,0,0,0,0,0,1,0,0
10000000.0,124.0,6.9,468.0,11,0.0,0.0,0.0,136836156.0,0,0,0,0,1,0,1,0,0,0,0,0,0,0,0,0,0,0,0,0,0
12000000.0,122.0,6.9,287.0,4,42697196.333333336,110448911.5,0.0,96070507.0,0,0,0,0,1,0,0,0,0,0,0,0,0,0,0,1,0,0,0,0,0
225000000.0,106.0,6.3,4228.0,5,435354779.3999999,551745372.6666666,617548376.0,624026776.0,1,0,0,0,1,0,0,0,0,0,0,0,0,0,0,0,0,1,0,0,0
170000000.0,127.0,5.8,3183.0,5,502465244.8,0.0,553159557.6363636,396600000.0,0,1,0,0,0,0,1,0,1,0,0,0,0,0,0,0,0,0,0,0,0
130000000.0,124.0,6.3,5152.0,5,213288574.95555556,193405451.0,0.0,403170142.0,0,1,0,0,0,0,0,0,0,0,0,0,0,0,1,0,0,1,0,0,0
50000000.0,106.0,6.3,4811.0,6,207375141.0,0.0,0.0,549368315.0,0,0,0,0,1,0,0,0,1,0,0,0,0,0,0,0,0,0,0,0,0
7000000.0,110.0,6.1,1062.0,6,71643127.5,322998906.25,0.0,167221571.0,0,0,0,0,1,0,1,0,0,0,0,0,0,0,0,0,0,0,0,0,0
215000000.0,136.0,6.5,6734.0,6,470001350.0555555,728966644.5,1227527003.0,752215857.0,1,1,0,0,0,0,0,0,1,0,0,0,0,0,0,0,0,0,0,0,0
95000000.0,88.0,6.2,2731.0,6,428894473.73333335,0.0,511945625.4375,877244782.0,0,1,1,0,1,0,0,1,0,0,0,0,0,0,0,0,0,0,0,0,0
200000000.0,143.0,6.9,7718.0,10,264531025.75,994617811.0,989535511.75,1108561013.0,1,1,0,0,0,0,0,0,0,0,0,0,0,0,0,0,0,0,1,0,0
5000000.0,83.0,4.1,319.0,5,16645463.166666666,0.0,19200706.5,8493728.0,0,0,0,0,1,0,0,0,0,0,0,0,1,0,0,0,0,0,1,0,0
17000000.0,112.0,7.3,2310.0,9,0.0,0.0,208566015.83333334,115350426.0,0,0,0,0,1,0,0,0,0,0,0,0,0,1,0,1,0,0,0,0,0
65000000.0,95.0,5.6,1618.0,9,113575635.88888888,177663716.0,165723267.5,240159255.0,1,0,0,0,0,0,0,0,0,0,0,0,1,0,0,0,0,1,0,0,0
85000000.0,91.0,6.8,2622.0,9,164196613.55555555,0.0,292110340.6,358375603.0,0,0,1,0,1,0,0,1,1,0,0,0,0,0,0,0,0,0,0,0,0
30000000.0,86.0,4.8,135.0,4,136703470.33333334,0.0,0.0,13521829.0,0,0,1,0,1,0,0,1,0,0,0,0,0,0,0,0,0,0,0,0,0
165000000.0,108.0,7.1,4656.0,11,0.0,0.0,583158315.6,471222889.0,0,1,1,0,1,0,0,1,0,0,0,0,0,0,0,0,0,0,0,0,0
250000000.0,169.0,7.0,8427.0,11,967571312.031746,975344683.1666666,935794206.5714285,1021103568.0,1,1,0,0,0,0,0,0,1,0,0,0,0,0,0,0,0,0,0,0,0
60000000.0,130.0,6.3,3046.0,12,258835983.54761901,450335367.0,450335367.0,218340595.0,0,0,0,0,0,1,1,0,0,0,0,0,0,0,0,0,0,0,1,0,0
2500000.0,86.0,5.4,523.0,1,60435116.666666664,0.0,0.0,60141683.0,0,0,0,0,1,0,0,0,0,0,0,0,1,0,0,0,0,0,0,0,0
92000000.0,98.0,5.2,3519.0,2,0.0,0.0,0.0,304654182.0,1,0,0,0,0,0,0,0,0,0,0,0,0,0,0,0,0,0,1,0,0
135000000.0,98.0,6.8,2447.0,3,503764600.22222215,324489636.5,0.0,585178928.0,0,1,1,0,1,0,0,1,1,0,0,0,0,0,0,0,0,0,0,0,0
200000000.0,130.0,6.8,8951.0,4,919851830.2083334,0.0,534145488.2307692,1215439994.0,1,1,0,0,0,0,0,0,0,0,0,0,0,0,0,0,0,1,0,0,0
160000000.0,130.0,6.7,5282.0,5,740227142.3518518,484112520.5,0.0,788679850.0,1,0,0,0,0,1,0,0,0,0,0,0,0,0,0,0,0,0,1,0,0
225000000.0,143.0,6.5,6462.0,6,393921610.3333333,652905377.0,733277275.875,662845518.0,1,1,0,0,0,0,0,0,1,0,0,0,0,0,0,0,0,1,0,0,0
180000000.0,131.0,6.7,4903.0,7,87433817.66666667,220643975.0,373894164.6666667,407602906.0,1,1,0,0,0,0,0,0,0,0,0,0,0,0,0,0,0,1,0,0,0
200000000.0,116.0,6.7,5683.0,6,138053254.5,558977863.5,172486114.3,531865000.0,1,0,0,0,0,0,1,0,0,0,0,0,1,0,0,0,0,1,1,0,0
76000000.0,98.0,7.0,4729.0,6,461369590.0,796577935.6666666,808689038.75,970761885.0,0,0,1,0,1,0,0,1,0,0,0,0,0,0,0,0,0,0,0,0,0
13000000.0,112.0,7.4,3169.0,7,188048280.2777778,560357164.75,223427701.33333334,318000141.0,0,0,0,0,0,0,0,0,0,0,0,0,1,0,0,0,0,0,1,0,0
120000000.0,126.0,6.3,4110.0,7,163561706.33333334,516121240.5,172486114.3,415440673.0,1,1,0,0,0,0,0,0,1,0,0,0,0,0,0,0,0,1,0,0,0
90000000.0,106.0,5.9,1685.0,8,0.0,125139624.5,0.0,174578751.0,0,1,0,0,0,0,0,1,1,0,0,0,0,0,0,0,0,0,0,0,0
105000000.0,105.0,5.5,711.0,7,234369236.5,330088672.0,0.0,347434178.0,0,0,1,0,1,0,0,1,1,0,0,0,0,0,0,0,0,0,0,0,0
37000000.0,110.0,6.8,3053.0,8,92970777.5,0.0,110890425.0,269994119.0,0,0,0,0,1,1,0,0,0,0,0,0,0,0,0,0,0,0,0,0,0
80000000.0,100.0,5.8,1180.0,7,169134020.3888889,259207233.5,0.0,246984278.0,0,0,0,0,1,0,0,0,0,0,0,0,0,0,0,0,0,0,0,0,0
38000000.0,119.0,6.2,2066.0,9,196226552.1851852,75762477.0,87226932.75,98337295.0,1,0,0,0,0,0,0,0,0,0,0,0,0,0,0,0,0,1,1,0,0
170000000.0,112.0,6.8,4873.0,10,620857522.1999999,542587469.5,534145488.2307692,644571402.0,1,1,0,0,0,0,0,0,1,0,0,0,0,0,0,0,0,0,0,0,0
130000000.0,146.0,7.4,6656.0,11,655675638.9222223,620959167.5,553159557.6363636,847423452.0,1,1,0,0,0,0,0,0,0,0,0,0,0,0,0,0,0,1,0,0,0
250000000.0,161.0,7.6,4633.0,12,967571312.031746,975344683.1666666,935794206.5714285,958400000.0,0,1,0,0,0,0,0,0,1,0,0,0,0,0,0,0,0,0,0,0,0
150000000.0,102.0,7.3,5440.0,11,217354449.0,0.0,417132031.6666667,1274219009.0,0,1,1,0,0,0,0,1,0,0,0,0,0,0,0,0,0,0,0,0,0
1500000.0,124.0,6.2,53.0,8,33399404.5,29198213.5,0.0,12000000.0,1,0,0,0,0,1,1,0,0,0,0,0,0,0,0,0,0,0,1,0,0
85000000.0,139.0,6.9,4784.0,3,252495201.75,0.0,0.0,288747895.0,1,1,0,0,0,0,0,0,0,0,0,0,0,0,0,0,0,1,0,0,0
3500000.0,79.0,7.0,234.0,2,0.0,0.0,0.0,5155325.0,0,0,1,0,0,0,0,0,0,0,0,0,0,0,0,0,0,0,0,0,0
60000000.0,100.0,7.5,3127.0,2,386943503.6666667,275544025.0,292110340.6,469160692.0,0,1,1,0,1,0,0,1,1,0,0,0,0,0,0,0,0,0,0,0,0
120000000.0,102.0,5.7,2385.0,1,459711391.1666667,0.0,0.0,242688965.0,1,0,0,0,0,0,0,0,0,0,0,0,0,0,0,0,0,1,0,0,0
110000000.0,102.0,6.1,2438.0,3,282802746.8333333,0.0,0.0,337580051.0,1,0,0,0,0,0,0,0,0,0,0,0,0,0,0,0,0,0,0,1,0
170000000.0,136.0,7.6,5881.0,3,746998575.0833334,934035533.5,583158315.6,714766572.0,1,1,0,0,0,0,0,0,0,0,0,0,0,0,0,0,0,1,0,0,0
4500000.0,150.0,7.6,832.0,3,1122066.0,3366198.0,40101455.416666664,2627209.0,1,0,0,0,0,1,0,0,0,0,0,0,0,0,0,0,0,0,1,0,0
200000000.0,142.0,6.5,4274.0,4,470001350.0555555,728966644.5,452630994.7916667,705717432.0,1,1,0,0,0,0,0,0,1,0,0,0,0,0,0,0,0,0,0,0,0
17000000.0,113.0,5.9,242.0,3,0.0,0.0,0.0,29789000.0,0,0,0,0,0,0,1,0,0,0,0,0,0,0,0,0,0,0,0,0,0
103000000.0,102.0,6.3,997.0,3,468156147.78888893,633112948.0,511945625.4375,500188435.0,0,1,1,0,1,0,0,1,0,0,0,0,0,0,0,0,0,0,0,0,0
250000000.0,131.0,7.5,6155.0,5,474267485.56666666,645898781.0,645898781.0,747862775.0,1,1,0,0,0,0,0,0,1,0,0,0,0,0,0,0,0,1,0,0,0
150000000.0,131.0,7.1,3274.0,7,379957951.54761904,450335367.0,450335367.0,682330139.0,1,1,0,0,0,0,0,0,0,0,0,0,0,0,0,0,0,0,1,0,0
50000000.0,112.0,7.0,3375.0,6,136647617.83333334,275544025.0,292110340.6,188441614.0,1,0,0,0,1,1,0,0,0,0,0,0,0,0,0,0,0,0,0,0,0
145000000.0,102.0,7.6,3163.0,6,564122176.0833334,552000903.5,511945625.4375,609123048.0,1,1,1,0,1,0,0,1,1,0,0,0,0,0,0,0,0,0,0,0,0
210000000.0,165.0,5.8,3136.0,6,207375141.0,873220248.8,669613224.8333334,1091405097.0,1,1,0,0,0,0,0,0,0,0,0,0,0,0,0,0,0,1,0,0,0
50000000.0,83.0,5.8,286.0,7,0.0,0.0,0.0,151165787.0,0,1,1,0,1,0,0,1,0,0,0,0,0,0,0,0,0,0,0,0,0
170000000.0,130.0,7.3,4511.0,6,598441508.6666666,540276264.5,741749561.5,710644566.0,1,0,0,0,0,0,1,0,0,0,0,0,0,0,0,0,0,1,1,0,0
170000000.0,121.0,7.9,10014.0,7,1066044746.2222223,818372385.0,341238654.25,773328629.0,1,1,0,0,0,0,0,0,0,0,0,0,0,0,0,0,0,1,0,0,0
90000000.0,127.0,6.1,1830.0,8,316706182.2916667,0.0,534145488.2307692,206172544.0,1,1,0,0,0,0,0,0,0,0,0,0,0,0,0,0,0,0,1,0,0
45000000.0,112.0,6.7,649.0,7,0.0,0.0,0.0,86165646.0,0,0,0,0,0,0,1,0,0,0,0,0,0,1,0,1,0,0,0,0,0
125000000.0,101.0,5.8,2677.0,8,304044152.6666667,389100000.0,0.0,477200000.0,1,1,0,0,1,0,0,0,1,0,0,0,0,0,0,0,0,1,0,0,0
65000000.0,102.0,6.3,1314.0,8,112501859.86111112,99070718.0,49535359.0,39407616.0,0,0,0,0,0,1,0,0,0,0,0,0,0,0,0,0,0,0,1,0,0
5000000.0,99.0,3.9,15.0,9,0.0,0.0,0.0,846704.0,0,0,0,0,0,0,1,0,0,0,0,0,0,0,1,0,0,1,0,0,0
34000000.0,113.0,7.0,5540.0,9,219858929.0,329788393.5,0.0,348319861.0,1,0,0,0,0,0,0,0,0,0,0,0,0,0,1,0,0,1,1,0,0
6500000.0,99.0,5.5,1588.0,10,0.0,0.0,223427701.33333334,255273813.0,0,0,0,0,0,0,0,0,0,0,0,0,1,0,0,0,0,0,0,0,0
20000000.0,101.0,7.0,5499.0,10,92635407.75555556,0.0,341238654.25,88761661.0,1,0,0,0,0,0,0,0,0,0,0,0,0,0,0,0,0,0,1,0,0
8000000.0,106.0,5.9,156.0,8,0.0,0.0,0.0,9630444.0,0,0,0,0,0,0,0,0,0,0,0,0,1,0,0,0,0,0,1,0,0
125000000.0,123.0,6.6,5767.0,11,655675638.9222223,620959167.5,553159557.6363636,752100229.0,0,1,0,0,0,0,0,0,0,0,0,0,0,0,0,0,0,1,1,0,0
36000000.0,107.0,6.7,98.0,9,78295047.33333333,73914465.0,0.0,52424533.0,0,0,0,0,0,0,1,1,0,0,0,0,0,0,0,0,0,0,0,0,0
150000000.0,124.0,6.5,8842.0,6,301619522.6666667,0.0,741749561.5,1513528810.0,1,1,0,0,0,0,0,0,0,0,0,0,0,0,0,0,0,1,1,0,0
61000000.0,132.0,6.5,3148.0,9,219858929.0,329788393.5,0.0,311256926.0,1,0,0,0,0,0,0,0,0,0,0,0,0,0,0,0,0,0,0,0,0
250000000.0,144.0,7.1,4884.0,12,967571312.031746,975344683.1666666,935794206.5714285,956019788.0,1,1,0,0,0,0,0,0,1,0,0,0,0,0,0,0,0,0,0,0,0
81000000.0,130.0,7.6,6069.0,1,122470168.0,383987835.0,291579157.8,414351546.0,1,1,0,0,1,1,0,0,0,0,0,0,0,0,0,0,0,0,0,0,0
48000000.0,109.0,6.1,2225.0,12,143868052.93333334,217375486.5,0.0,325771424.0,1,0,0,0,0,0,0,0,0,0,0,0,0,0,0,0,0,0,1,0,0
155000000.0,126.0,5.8,3677.0,6,278370473.3333333,542587469.5,0.0,440603537.0,1,1,0,0,0,0,0,0,0,0,0,0,0,0,0,0,0,1,1,0,0
150000000.0,120.0,7.3,9629.0,5,104451167.0,304533471.3333333,0.0,378858340.0,1,1,0,0,0,0,0,0,0,0,0,0,0,0,0,0,0,1,1,0,0
245000000.0,136.0,7.5,7993.0,12,0.0,1233036818.0,747072370.1333333,2068223624.0,1,1,0,0,0,0,0,0,1,0,0,0,0,0,0,0,0,1,0,0,0
280000000.0,141.0,7.3,6908.0,4,872967973.7861112,1462480802.0,575846932.1153846,1405403694.0,1,1,0,0,0,0,0,0,0,0,0,0,0,0,0,0,0,1,0,0,0
130000000.0,117.0,7.0,6029.0,7,111887467.77777778,304880947.0,417132031.6666667,519311965.0,1,1,0,0,0,0,0,0,0,0,0,0,0,0,0,0,0,1,0,0,0
58000000.0,108.0,7.4,11444.0,2,301001086.1666667,0.0,0.0,783112979.0,1,1,0,0,1,0,0,0,0,0,0,0,0,0,0,0,0,0,0,0,0
200000000.0,137.0,7.6,4858.0,4,1066044746.2222223,818372385.0,0.0,863416141.0,1,1,0,0,1,0,0,0,0,0,0,0,0,0,0,0,0,1,0,0,0
250000000.0,147.0,7.1,7462.0,4,931255795.625,934035533.5,583158315.6,1153304495.0,1,1,0,0,0,0,0,0,0,0,0,0,0,0,0,0,0,1,0,0,0
178000000.0,144.0,6.4,4831.0,5,524134753.9555556,645898781.0,645898781.0,543934787.0,0,0,0,0,0,0,0,0,0,0,0,0,0,0,0,0,0,1,0,0,0
40000000.0,125.0,5.2,3350.0,2,316611207.3333333,0.0,617548376.0,571006128.0,0,0,0,0,0,0,1,0,0,0,0,0,0,0,0,1,0,0,1,0,0
74000000.0,93.0,5.7,733.0,2,0.0,0.0,242721803.6,311594032.0,0,1,1,0,1,0,0,1,0,0,0,0,0,0,0,0,0,0,0,0,0
35000000.0,90.0,7.0,103.0,8,0.0,0.0,0.0,83061158.0,0,0,1,0,0,0,0,1,1,0,0,0,0,0,0,0,0,0,0,0,0
110000000.0,119.0,6.2,3921.0,3,252495201.75,237242534.5,120304366.25,295238201.0,0,1,0,0,0,0,0,0,0,0,0,0,0,0,0,0,0,1,1,0,0
190000000.0,137.0,7.3,4253.0,4,740227142.3518518,560357164.75,534145488.2307692,1506249360.0,1,0,0,0,0,0,0,0,0,0,0,0,0,0,0,0,0,0,0,0,0
35000000.0,96.0,5.5,1183.0,8,0.0,0.0,172486114.3,81967450.0,1,0,0,0,0,1,0,0,0,0,0,0,0,0,0,0,0,0,1,0,0
400000.0,119.0,6.1,20.0,3,0.0,0.0,0.0,252000.0,0,0,0,0,1,0,1,0,0,1,0,0,0,0,0,1,0,0,0,0,0
160000000.0,137.0,6.6,4117.0,11,655675638.9222223,620959167.5,553159557.6363636,653428261.0,1,1,0,0,0,0,0,0,0,0,0,0,0,0,0,0,0,1,0,0,0
110000000.0,121.0,5.9,2064.0,3,155164185.75,237242534.5,120304366.25,179246868.0,0,1,0,0,0,0,0,0,0,0,0,0,0,0,0,0,0,1,0,0,0
180000000.0,133.0,7.2,5612.0,11,279276864.1666667,995564027.0,553159557.6363636,809342332.0,0,1,0,0,0,0,0,1,1,0,0,0,0,0,0,0,0,0,0,0,0
75000000.0,87.0,5.9,3536.0,6,166714208.83333334,796577935.6666666,0.0,875457937.0,0,0,1,0,0,0,0,1,0,0,0,0,0,0,0,0,0,0,0,0,0
165000000.0,120.0,4.9,2550.0,6,378162647.4888889,0.0,140216449.5,389681935.0,1,1,0,0,0,0,0,0,0,0,0,0,0,0,0,0,0,1,0,0,0
11000000.0,147.0,5.9,69.0,11,26099106.75,29198213.5,0.0,46396427.0,1,0,0,0,0,1,1,0,0,0,0,0,0,0,0,0,0,0,1,0,0
74000000.0,91.0,6.4,4729.0,6,233236654.5,1088397173.0,808689038.75,1156730962.0,0,1,1,0,1,0,0,1,0,0,0,0,0,0,0,0,0,0,0,0,0
245000000.0,148.0,6.3,4552.0,10,264531025.75,994617811.0,989535511.75,880674609.0,1,1,0,0,0,1,0,0,0,0,0,0,0,0,0,0,0,0,0,0,0
250000000.0,151.0,5.7,7189.0,3,716034424.5,652905377.0,366638637.9375,873260194.0,1,1,0,0,0,0,0,0,1,0,0,0,0,0,0,0,0,0,0,0,0
10000000.0,97.0,5.5,605.0,8,0.0,0.0,165723267.5,52882018.0,0,0,0,0,0,0,0,0,0,0,0,0,1,0,0,0,0,0,0,0,0
25000000.0,96.0,5.3,573.0,9,142623774.83333334,0.0,0.0,72629670.0,1,0,0,0,0,1,0,0,0,0,0,0,0,0,0,0,0,0,1,0,0
25496629.0,120.0,5.3,98.0,1,0.0,0.0,0.0,40924982.0,0,0,0,0,1,0,0,0,0,0,0,0,0,0,0,0,0,0,0,0,0
149000000.0,141.0,7.2,5025.0,5,282306773.5,0.0,0.0,820580447.0,1,1,0,0,0,0,0,0,1,0,0,0,0,0,0,0,0,0,0,0,0
37000000.0,133.0,7.3,1963.0,11,68652742.44444445,0.0,221780850.0,173567581.0,0,0,0,0,0,0,1,0,0,0,0,0,0,0,0,0,0,0,0,0,0
50000000.0,100.0,4.7,814.0,2,326094952.4380953,0.0,0.0,55969000.0,0,0,0,0,1,0,0,0,0,0,0,0,0,0,0,0,0,0,0,0,0
50000000.0,96.0,5.8,870.0,12,292699122.0,0.0,175772329.0,242786137.0,0,0,0,0,1,0,0,0,0,0,0,0,0,0,0,0,0,0,0,0,0
145000000.0,95.0,6.7,1630.0,1,404135036.8888889,0.0,0.0,521170825.0,1,1,1,0,1,0,0,1,0,0,0,0,0,0,0,0,0,0,0,0,0
40000000.0,102.0,6.1,567.0,1,214236277.5,110448911.5,170935453.75,124827316.0,1,0,0,0,1,0,0,0,0,0,0,0,0,0,0,0,0,0,0,0,0
60000000.0,99.0,5.8,1656.0,3,198020781.75,0.0,0.0,205754447.0,1,0,0,0,0,1,0,0,0,0,0,0,0,0,0,0,0,0,1,0,0
115000000.0,114.0,6.0,1575.0,4,363449158.8,0.0,0.0,164602163.0,1,1,0,0,0,0,1,0,0,0,0,0,0,0,0,0,0,0,0,0,0
35000000.0,91.0,5.6,1490.0,5,34294611.833333336,0.0,175772329.0,108758521.0,0,0,0,0,1,0,0,0,0,0,0,0,0,0,0,0,0,0,0,0,0
200000000.0,97.0,6.8,4333.0,6,656302141.6666666,0.0,989535511.75,1028570889.0,0,1,1,0,1,0,0,1,0,0,0,0,0,0,0,0,0,0,0,0,0
170000000.0,113.0,6.5,1782.0,5,658873145.8444445,232277160.5,617548376.0,299370084.0,0,0,0,0,0,0,0,1,1,0,0,0,0,0,0,0,0,0,0,0,0
90000000.0,129.0,6.7,3362.0,6,626311380.3333334,247096573.0,0.0,334901337.0,1,1,0,0,1,1,0,0,0,0,0,0,0,0,1,0,0,0,1,0,0
135000000.0,112.0,5.8,984.0,6,304044152.6666667,0.0,669613224.8333334,245623848.0,1,1,0,0,1,0,0,0,1,0,0,0,0,0,0,0,0,0,0,0,0
40000000.0,134.0,7.0,2018.0,5,188048280.2777778,560357164.75,0.0,320170008.0,0,0,0,0,0,0,0,0,0,0,0,0,1,0,0,0,0,0,0,0,0
144000000.0,116.0,5.3,2203.0,7,235757985.5,0.0,0.0,229147509.0,1,0,0,0,1,0,0,0,1,0,0,0,0,0,0,0,0,0,0,0,0
120000000.0,123.0,5.9,2386.0,7,280690124.12222224,382269756.3333333,255972812.71875,415484914.0,1,0,0,0,0,0,0,0,0,0,0,0,0,0,0,0,0,0,1,0,0
10000000.0,105.0,6.1,1356.0,6,0.0,0.0,0.0,118587880.0,1,0,0,0,0,0,0,0,0,0,0,0,1,0,0,0,0,0,1,0,0
105000000.0,100.0,5.6,1170.0,6,623849787.9833333,0.0,0.0,408579038.0,0,1,1,0,1,0,0,1,0,0,0,0,0,0,0,0,0,0,0,0,0
7500000.0,110.0,6.1,7.0,11,63695856.833333336,0.0,0.0,3347647.0,0,0,0,0,0,0,1,0,0,0,0,0,0,0,0,1,0,0,0,0,0
5000000.0,90.0,4.9,590.0,9,0.0,0.0,0.0,45172994.0,0,0,0,0,0,0,0,0,0,0,0,0,1,0,0,0,0,0,1,0,0
75000000.0,121.0,5.7,2316.0,10,425361279.5,493920859.0,733277275.875,220021259.0,0,0,0,0,0,0,0,0,0,0,0,0,0,0,0,0,0,0,1,0,0
9000000.0,99.0,5.8,735.0,10,0.0,0.0,0.0,81705746.0,0,0,0,0,0,0,0,0,0,0,0,0,1,0,0,0,0,0,1,0,0
60000000.0,118.0,5.3,1843.0,10,150450698.3809524,0.0,583158315.6,162146076.0,1,0,0,0,0,0,0,0,0,0,0,0,0,0,0,0,0,0,0,0,0
26000000.0,87.0,5.0,216.0,11,31423689.0,73412524.5,0.0,17782178.0,0,0,0,0,1,1,1,0,0,0,0,0,0,0,0,0,0,0,0,0,0
200000000.0,133.0,7.4,5111.0,12,212679755.33333334,530150125.5,741749561.5,1056057273.0,1,1,0,0,0,0,0,0,0,0,0,0,0,0,0,0,0,1,0,0,0
35000000.0,91.0,5.2,1619.0,11,120261370.88333333,0.0,0.0,81093313.0,1,0,0,0,0,0,0,0,1,0,0,0,1,0,0,0,0,0,0,0,0
85000000.0,107.0,5.5,1497.0,1,366218788.8518519,0.0,0.0,346147658.0,1,1,0,0,0,1,0,0,0,0,0,0,0,0,0,0,0,0,0,0,0
80000000.0,104.0,7.2,1473.0,2,228939024.55555558,0.0,0.0,311950384.0,1,0,1,0,1,0,0,1,1,0,0,0,0,0,0,0,0,0,0,0,0
25000000.0,102.0,4.8,1075.0,2,0.0,0.0,0.0,83080890.0,0,0,0,0,0,0,0,0,0,0,0,0,1,0,0,0,0,0,0,0,0
40000000.0,122.0,6.7,2924.0,2,172188791.53333333,0.0,0.0,171539887.0,1,0,0,0,0,1,0,0,0,0,0,0,0,0,0,0,0,0,1,0,0
97000000.0,137.0,7.6,6310.0,2,291362007.6666667,516121240.5,0.0,616801808.0,1,0,0,0,0,0,1,0,0,0,0,0,0,0,0,0,0,1,0,0,0
55000000.0,118.0,6.0,2341.0,2,380307064.1666667,0.0,617548376.0,378827494.0,0,0,0,0,0,0,1,0,0,0,0,0,0,0,0,1,0,0,0,0,0
97000000.0,122.0,5.7,2677.0,5,325685233.90000004,193405451.0,0.0,232380243.0,0,0,0,0,0,0,0,0,0,0,0,0,1,0,0,0,0,1,1,0,0
250000000.0,136.0,6.8,3803.0,4,562389320.4768518,633490341.5,0.0,1238764765.0,1,0,0,0,0,1,0,0,0,0,0,0,0,0,0,0,0,0,1,0,0
175000000.0,109.0,6.6,718.0,6,208120415.07142857,0.0,472903100.25,350170057.0,0,1,1,0,1,0,0,1,0,0,0,0,0,0,0,0,0,0,0,0,0
80000000.0,96.0,6.2,2002.0,6,461369590.0,1088397173.0,0.0,1020063384.0,1,1,1,0,1,0,0,1,0,0,0,0,0,0,0,0,0,0,0,0,0
152000000.0,140.0,6.7,1675.0,7,297560304.8333333,540276264.5,741749561.5,369907963.0,0,0,0,0,0,0,1,0,0,0,0,0,0,0,0,0,0,1,0,1,0
16000000.0,93.0,6.0,144.0,7,77149674.33333333,81518874.0,0.0,68411275.0,1,1,1,0,0,0,0,1,1,0,0,0,0,0,0,0,0,0,0,0,0
16000000.0,93.0,6.0,144.0,7,77149674.33333333,81518874.0,0.0,68411275.0,1,1,1,0,0,0,0,1,1,0,0,0,0,0,0,0,0,0,0,0,0
260000000.0,149.0,6.2,1440.0,6,446369491.11111116,873220248.8,669613224.8333334,604942143.0,1,1,0,0,0,0,0,0,0,0,0,0,0,0,0,0,0,1,1,0,0
60000000.0,200.0,8.5,15000.0,12,103876190.47619049,94333333.33333333,76625000.0,210000000.0,1,0,0,0,0,1,0,0,0,0,0,0,0,0,0,0,0,0,0,0,0
20000000.0,179.0,7.6,6000.0,12,103314285.71428572,94333333.33333333,76625000.0,45000000.0,1,0,0,0,0,0,1,0,0,0,0,0,0,0,0,0,0,0,0,0,0
12000000.0,165.0,7.3,2800.0,1,57714285.71428572,27750000.0,25166666.666666668,35000000.0,1,0,0,0,1,0,0,0,0,0,0,0,0,0,0,0,0,0,0,0,0
7000000.0,160.0,6.5,1500.0,4,42714285.71428572,0.0,25166666.666666668,18000000.0,1,0,0,0,0,0,1,0,0,0,0,0,0,0,0,0,0,0,0,0,0
8000000.0,170.0,8.2,3500.0,3,50833333.333333336,94333333.33333333,76625000.0,28000000.0,1,0,0,0,0,0,1,0,0,0,0,0,0,0,0,0,0,0,0,0,0
65000000.0,187.0,8.0,15000.0,3,88222222.22222222,128000000.0,128000000.0,160000000.0,1,0,0,0,0,0,1,0,0,0,0,0,0,0,0,0,0,0,0,0,0
5000000.0,166.0,7.8,3000.0,7,43333333.333333336,128000000.0,128000000.0,18000000.0,1,0,0,0,0,0,0,0,1,0,0,0,0,0,0,0,0,0,0,0,0
36000000.0,169.0,7.5,5000.0,9,92355555.55555557,79600000.0,73400000.0,140000000.0,1,0,0,0,0,0,0,0,0,0,0,0,0,0,0,0,0,0,1,0,0
30000000.0,146.0,7.0,4500.0,1,90166666.66666667,92500000.0,81375000.0,130000000.0,1,1,0,0,0,0,0,0,0,0,0,0,0,0,0,0,0,0,0,0,0
11000000.0,141.0,6.8,3000.0,8,99750000.0,53000000.0,81375000.0,53000000.0,1,0,0,0,1,0,0,0,0,0,0,0,0,0,0,0,0,0,0,0,0
30000000.0,167.0,8.2,12000.0,4,107222222.22222221,128000000.0,128000000.0,220000000.0,1,0,0,0,0,0,0,0,1,0,0,0,0,0,0,0,0,0,0,0,0
32000000.0,175.0,6.8,3000.0,12,113333333.33333333,88333333.33333333,88333333.33333333,85000000.0,1,0,0,0,0,0,0,0,0,0,0,0,0,0,0,0,0,0,1,0,0
21000000.0,159.0,8.0,11000.0,7,160833333.3333333,128000000.0,128000000.0,100000000.0,1,0,0,0,0,0,0,0,1,0,0,0,0,0,0,0,0,0,0,0,0
35000000.0,164.0,7.6,4000.0,10,53428571.428571425,56000000.0,73400000.0,74000000.0,1,0,0,0,0,0,0,0,0,0,0,0,0,0,0,0,0,0,1,0,0
18000000.0,179.0,7.8,3500.0,1,65342857.14285714,56000000.0,73400000.0,36000000.0,1,0,0,0,0,0,0,0,0,0,0,0,0,0,0,0,0,0,1,0,0
21000000.0,179.0,6.8,2500.0,10,67642857.14285713,79600000.0,63833333.333333336,42000000.0,1,0,0,0,0,0,1,0,0,0,0,0,0,0,0,0,0,0,0,0,0
16000000.0,170.0,7.5,3200.0,10,40642857.14285714,79600000.0,63833333.333333336,38000000.0,1,0,0,0,0,0,0,0,0,0,0,0,0,0,0,0,0,0,1,0,0
24000000.0,168.0,7.4,3800.0,8,64166666.66666667,78000000.0,73400000.0,78000000.0,1,0,0,0,1,0,0,0,0,0,0,0,0,0,0,0,0,0,0,0,0
60000000.0,147.0,6.5,2500.0,11,83000000.0,69333333.33333333,63833333.333333336,95000000.0,1,0,0,0,0,0,0,0,0,0,0,0,0,0,0,0,1,0,0,0,0
12000000.0,153.0,6.7,2100.0,7,55500000.0,40000000.0,73333333.33333333,40000000.0,1,0,0,0,0,1,0,0,0,0,0,0,0,0,0,0,0,0,0,0,0
12000000.0,168.0,8.4,8000.0,4,61466666.666666664,88333333.33333333,88333333.33333333,150000000.0,1,0,0,0,0,0,1,0,0,0,0,0,0,0,0,0,0,0,0,0,0
10000000.0,156.0,8.2,5000.0,12,51200000.0,88333333.33333333,88333333.33333333,30000000.0,1,0,0,0,0,0,1,0,0,0,0,0,0,0,0,0,0,0,0,0,0
500000.0,135.0,7.4,1000.0,7,36200000.0,0.0,0.0,2000000.0,0,0,0,0,1,0,0,0,0,0,0,0,0,0,0,1,0,0,0,0,0
36000000.0,169.0,7.5,5000.0,9,92355555.55555557,79600000.0,73400000.0,140000000.0,1,0,0,0,0,0,0,0,0,0,0,0,0,0,0,0,0,0,1,0,0
30000000.0,146.0,7.0,4500.0,1,99750000.0,92500000.0,81375000.0,130000000.0,1,1,0,0,0,0,0,0,0,0,0,0,0,0,0,0,0,0,0,0,0
11000000.0,141.0,6.8,3000.0,8,99750000.0,53000000.0,81375000.0,53000000.0,1,0,0,0,1,0,0,0,0,0,0,0,0,0,0,0,0,0,0,0,0
12000000.0,163.0,8.1,12000.0,7,62777777.77777777,0.0,131000000.0,120000000.0,0,0,0,0,1,0,1,0,0,0,0,0,0,0,0,0,0,0,0,0,0
11000000.0,170.0,7.2,6000.0,7,96666666.66666666,87500000.0,81375000.0,90000000.0,1,0,0,0,0,0,1,0,0,0,0,0,0,0,0,0,0,0,0,0,0
25000000.0,161.0,7.0,5500.0,12,49166666.666666664,87500000.0,81375000.0,85000000.0,1,0,0,0,0,0,0,0,0,0,0,0,0,0,0,0,0,0,1,0,0
9000000.0,161.0,8.3,18000.0,12,66666666.666666664,0.0,131000000.0,240000000.0,1,0,0,0,0,0,1,0,0,0,0,0,0,0,0,0,0,0,0,0,0
10000000.0,153.0,8.1,15000.0,12,114166666.66666666,78333333.33333333,80000000.0,100000000.0,0,0,0,0,1,0,1,0,0,0,0,0,0,0,0,0,0,0,0,0,0
7000000.0,170.0,8.4,19000.0,12,111666666.66666666,78333333.33333333,80000000.0,60000000.0,0,0,0,0,1,0,1,0,0,0,0,0,0,0,0,0,0,0,0,0,0
12000000.0,201.0,7.1,4200.0,12,100433333.33333334,0.0,131000000.0,110000000.0,1,0,0,0,0,1,0,0,0,0,0,0,0,0,0,0,0,0,0,0,0
12000000.0,161.0,7.7,5000.0,6,39833333.333333336,78333333.33333333,63833333.333333336,75000000.0,0,0,0,1,0,0,1,0,0,0,0,0,0,0,0,0,0,0,0,0,0
50000000.0,167.0,6.0,3000.0,9,93333333.33333334,0.0,131000000.0,54000000.0,1,0,0,0,0,0,0,0,1,0,0,0,0,0,0,0,0,0,0,0,0
20000000.0,154.0,6.5,4000.0,10,24549553.375,92500000.0,81375000.0,65000000.0,1,0,0,0,0,0,0,0,0,0,0,0,0,0,0,0,0,0,1,0,0
15000000.0,152.0,5.5,2000.0,11,24549553.375,0.0,0.0,40000000.0,1,0,0,0,0,0,0,0,0,0,0,0,0,0,0,0,1,0,0,0,0
30000000.0,166.0,7.0,3000.0,1,70466220.04166666,92500000.0,81375000.0,45000000.0,1,0,0,0,0,0,0,0,0,0,0,0,0,0,0,0,0,0,1,0,0
35000000.0,164.0,7.6,4000.0,10,80142857.14285713,56000000.0,73400000.0,74000000.0,1,0,0,0,0,0,0,0,0,0,0,0,0,0,0,0,0,0,1,0,0
18000000.0,179.0,7.8,3500.0,1,65342857.14285714,56000000.0,73400000.0,36000000.0,1,0,0,0,0,0,0,0,0,0,0,0,0,0,0,0,0,0,1,0,0
16000000.0,170.0,7.5,3200.0,10,40642857.14285714,79600000.0,63833333.333333336,38000000.0,1,0,0,0,0,0,0,0,0,0,0,0,0,0,0,0,0,0,1,0,0
24000000.0,168.0,7.4,3800.0,8,64166666.66666667,78000000.0,73400000.0,78000000.0,1,0,0,0,1,0,0,0,0,0,0,0,0,0,0,0,0,0,0,0,0
60000000.0,147.0,6.5,2500.0,11,83000000.0,69333333.33333333,63833333.333333336,95000000.0,1,0,0,0,0,0,0,0,0,0,0,0,0,0,0,0,1,0,0,0,0
12000000.0,153.0,6.7,2100.0,7,55500000.0,40000000.0,73333333.33333333,40000000.0,1,0,0,0,0,1,0,0,0,0,0,0,0,0,0,0,0,0,0,0,0
12000000.0,156.0,7.0,1500.0,1,55333333.333333336,0.0,0.0,26000000.0,1,0,0,0,0,0,1,0,0,0,0,0,0,0,0,0,0,0,0,0,0
16000000.0,146.0,6.8,1800.0,1,11833333.333333334,22500000.0,0.0,25000000.0,1,0,0,0,0,0,0,0,0,0,1,0,0,0,0,0,0,0,0,0,0
18000000.0,179.0,6.2,1600.0,2,11833333.333333334,22500000.0,0.0,20000000.0,1,0,0,0,0,0,0,0,0,0,0,0,0,0,0,0,0,0,1,0,0
15000000.0,174.0,8.4,8000.0,6,73911111.11111112,56000000.0,73400000.0,60000000.0,1,0,0,0,0,0,0,0,0,0,0,0,0,0,0,0,0,0,1,0,0
30000000.0,180.0,5.0,1000.0,7,17166666.666666668,69333333.33333333,73400000.0,18000000.0,1,0,0,0,0,0,1,0,0,0,0,0,0,0,0,0,0,0,0,0,0
11000000.0,148.0,7.9,4000.0,1,17166666.666666668,0.0,0.0,25000000.0,1,0,0,0,0,0,0,0,0,0,0,0,0,0,0,0,0,0,1,0,0
30000000.0,167.0,8.2,12000.0,4,160833333.3333333,128000000.0,128000000.0,220000000.0,1,0,0,0,0,0,0,0,1,0,0,0,0,0,0,0,0,0,0,0,0
32000000.0,175.0,6.8,3000.0,12,113333333.33333333,88333333.33333333,88333333.33333333,85000000.0,1,0,0,0,0,0,0,0,0,0,0,0,0,0,0,0,0,0,1,0,0
72000000.0,180.0,7.8,5000.0,6,77833333.33333333,0.0,73333333.33333333,140000000.0,1,0,0,0,0,0,0,0,0,0,0,0,0,0,0,0,1,0,0,0,0
60000000.0,200.0,8.5,15000.0,12,103314285.71428572,94333333.33333333,76625000.0,210000000.0,1,0,0,0,0,1,0,0,0,0,0,0,0,0,0,0,0,0,0,0,0
20000000.0,179.0,7.6,6000.0,12,95214285.71428572,94333333.33333333,76625000.0,45000000.0,1,0,0,0,0,0,1,0,0,0,0,0,0,0,0,0,0,0,0,0,0
12000000.0,165.0,7.3,2800.0,1,57714285.71428572,27750000.0,25166666.666666668,35000000.0,1,0,0,0,1,0,0,0,0,0,0,0,0,0,0,0,0,0,0,0,0
9000000.0,169.0,6.8,2000.0,1,72933333.33333333,0.0,76625000.0,31000000.0,1,0,0,0,1,0,0,0,0,0,0,0,0,0,0,0,0,0,0,0,0
7000000.0,162.0,6.2,1500.0,5,12333333.333333334,0.0,25166666.666666668,22000000.0,1,0,0,0,0,0,1,0,0,0,0,0,0,0,0,0,0,0,0,0,0
24000000.0,159.0,5.8,1200.0,1,12333333.333333334,27750000.0,25166666.666666668,21000000.0,1,0,0,0,0,0,1,0,0,0,0,0,0,0,0,0,0,0,0,0,0
65000000.0,187.0,8.0,15000.0,3,78833333.33333334,128000000.0,128000000.0,160000000.0,1,0,0,0,0,0,1,0,0,0,0,0,0,0,0,0,0,0,0,0,0
11000000.0,162.0,7.5,2200.0,10,59500000.0,27750000.0,25166666.666666668,20000000.0,1,0,0,0,0,0,1,0,0,0,0,0,0,0,0,0,0,0,0,0,0
6000000.0,162.0,7.3,2500.0,9,73166666.66666667,0.0,76625000.0,16000000.0,1,0,0,0,0,0,1,0,0,0,0,0,0,0,0,0,0,0,0,0,0
8000000.0,170.0,8.2,3500.0,3,50833333.333333336,94333333.33333333,76625000.0,28000000.0,1,0,0,0,0,0,1,0,0,0,0,0,0,0,0,0,0,0,0,0,0
5000000.0,166.0,7.8,3000.0,7,43333333.333333336,128000000.0,128000000.0,18000000.0,1,0,0,0,0,0,0,0,1,0,0,0,0,0,0,0,0,0,0,0,0
12000000.0,168.0,8.4,8000.0,4,92200000.0,88333333.33333333,88333333.33333333,150000000.0,1,0,0,0,0,0,1,0,0,0,0,0,0,0,0,0,0,0,0,0,0
10000000.0,156.0,8.2,5000.0,12,51200000.0,88333333.33333333,88333333.33333333,30000000.0,1,0,0,0,0,0,1,0,0,0,0,0,0,0,0,0,0,0,0,0,0
2000000.0,148.0,8.3,7000.0,9,0.0,0.0,0.0,50000000.0,1,0,0,0,0,0,0,0,0,0,0,0,0,0,0,0,0,0,1,0,0
